amount,hour,online,card_present,new_device,high_risk_country,fraud
15895,13,1,0,0,0,0
960,18,1,1,1,1,0
76920,18,1,0,0,1,0
54986,1,1,0,1,0,1
6365,8,1,1,0,1,0
82486,12,1,1,1,0,1
37294,14,0,0,1,0,0
87598,2,1,1,0,0,0
44231,10,1,1,1,0,0
60363,20,1,0,1,0,1
16123,13,0,1,1,1,0
41190,7,0,0,1,1,0
67321,17,0,0,1,0,0
64920,18,1,1,1,1,1
869,15,1,0,1,0,0
59835,1,0,1,1,1,0
63055,7,0,0,0,1,0
65025,21,0,1,1,0,0
68069,5,1,1,0,1,0
5411,11,0,1,1,1,0
83204,14,1,1,0,1,0
53807,7,1,1,1,0,1
85405,3,1,0,0,1,0
28793,14,0,0,0,1,0
72032,19,1,1,1,1,1
93116,16,0,0,0,1,0
25758,12,0,1,1,1,0
84578,17,0,1,1,1,0
18531,1,0,0,0,1,0
2847,12,1,0,1,1,0
59250,12,1,1,0,1,0
65825,21,1,1,0,0,0
84754,14,1,1,1,1,1
35873,19,0,1,1,1,0
67535,9,0,1,1,1,0
56986,2,0,1,1,1,0
66903,18,0,0,1,1,0
31651,2,1,1,0,0,0
11494,21,0,1,0,0,0
69192,13,1,0,1,0,1
3990,7,0,1,1,0,0
41706,22,0,1,1,1,0
96376,3,0,0,0,1,0
80138,19,0,1,0,1,0
87413,10,1,0,0,0,0
10727,10,1,1,1,0,0
8892,10,1,0,1,0,0
74069,1,1,0,0,0,0
43101,16,0,0,1,1,0
76652,8,0,1,1,1,0
23997,1,1,1,0,0,0
68248,23,1,0,0,1,0
23583,14,0,0,1,0,0
48655,15,0,1,0,0,0
17259,3,1,1,1,0,0
80177,7,1,1,0,0,0
36020,8,1,1,0,1,0
92167,4,0,1,1,1,0
67221,15,1,0,1,0,1
69579,12,1,1,0,0,0
89575,6,1,0,1,1,1
19557,19,1,1,0,1,0
66657,16,1,0,1,0,1
77289,2,0,0,0,0,0
79053,4,1,1,0,0,0
53095,18,0,0,0,0,0
40857,11,1,0,1,0,0
9792,6,1,0,0,1,0
45858,8,1,0,0,1,0
72509,5,0,1,0,0,0
71311,16,0,0,0,0,0
65797,15,0,1,1,0,0
37165,22,1,0,1,0,0
92193,2,1,1,0,1,0
99399,20,0,1,0,1,0
32706,3,0,1,1,0,0
11634,9,1,0,0,1,0
94763,4,0,1,1,0,0
40497,20,1,1,0,0,0
91487,21,0,0,1,1,0
1116,9,0,1,0,0,0
89889,11,0,0,1,1,0
55691,9,1,0,1,0,1
89912,12,1,1,1,0,1
23347,10,0,0,0,0,0
24400,21,1,0,1,0,0
74165,15,1,0,1,1,1
82898,7,1,1,0,0,0
9368,7,1,0,0,1,0
86907,7,0,0,0,1,0
12285,12,1,0,0,0,0
63804,1,1,1,1,1,1
86879,11,0,0,0,0,0
39199,9,1,1,0,1,0
8671,11,1,0,0,1,0
38144,10,1,1,0,0,0
51314,14,0,1,0,0,0
61328,15,0,1,0,1,0
49084,16,1,0,0,0,0
40874,1,1,0,1,0,0
2668,17,0,0,1,1,0
62692,11,0,1,1,1,0
67663,18,0,0,1,0,0
2795,22,1,0,1,1,0
48290,17,1,1,0,0,0
5358,16,0,0,0,0,0
87638,5,1,0,0,1,0
39604,14,1,1,0,0,0
33259,2,1,1,1,1,0
14086,5,1,0,1,0,0
61958,2,1,1,0,0,0
12766,0,1,0,0,0,0
38760,12,1,0,1,1,0
3661,20,0,0,1,1,0
26954,13,0,0,1,0,0
64605,12,0,0,0,1,0
52351,3,0,1,0,1,0
22762,6,0,1,1,0,0
8492,21,0,0,1,1,0
30635,9,0,1,0,1,0
78703,6,0,1,0,1,0
52356,20,0,0,0,0,0
89235,14,1,1,0,0,0
35322,14,1,1,1,1,0
77473,3,0,0,1,0,0
79675,22,1,0,1,1,1
96454,22,1,0,0,0,0
84751,5,0,0,0,1,0
63435,23,0,0,0,0,0
11065,19,0,0,1,1,0
24638,4,1,0,1,0,0
70692,19,1,1,1,1,1
98118,11,0,0,0,0,0
8210,0,1,1,0,0,0
79409,7,1,1,1,0,1
27366,0,1,0,0,1,0
53092,4,0,1,1,1,0
83048,21,1,1,1,1,1
98906,5,1,1,1,0,1
7010,20,1,0,1,1,0
91082,2,1,1,0,0,0
306,14,1,1,0,0,0
87154,4,1,0,0,0,0
87997,23,1,1,0,1,0
23519,13,0,1,0,0,0
50736,17,0,1,0,1,0
50115,15,1,1,1,1,1
54368,5,0,1,0,0,0
88039,23,1,0,0,1,0
18241,13,1,1,0,0,0
80456,23,1,0,1,0,1
72010,7,0,1,0,1,0
56144,6,1,0,1,0,1
67314,7,1,0,0,0,0
33927,12,0,0,0,0,0
55920,5,0,1,0,1,0
62723,17,1,1,1,1,1
81834,1,0,1,1,1,0
75550,7,0,1,0,0,0
93526,10,1,1,0,0,0
22399,0,1,0,0,1,0
43685,21,1,0,1,1,0
64144,5,0,0,1,1,0
42657,15,0,1,0,1,0
49180,19,0,1,1,1,0
2793,11,1,0,1,0,0
95103,10,0,1,1,1,0
95359,9,0,1,1,0,0
69263,2,1,0,0,0,0
26039,12,1,0,0,0,0
49025,2,1,1,1,0,0
43041,14,0,1,1,1,0
21934,15,1,0,1,0,0
18147,12,0,1,0,1,0
26205,16,0,0,0,0,0
75866,2,1,0,1,1,1
15807,19,1,0,1,1,0
22076,10,1,1,1,0,0
44362,20,1,0,1,1,0
23876,18,1,0,0,0,0
30180,21,0,1,0,1,0
66942,10,0,0,0,0,0
61473,15,0,1,0,0,0
6876,20,1,1,0,1,0
92887,2,0,1,0,1,0
55116,21,1,0,1,0,1
9574,5,1,0,1,0,0
58153,13,0,1,0,1,0
22059,23,0,1,0,0,0
5630,17,1,1,0,0,0
94956,16,0,0,1,0,0
3848,3,1,1,1,1,0
97604,22,0,1,1,0,0
98198,14,0,1,1,0,0
13645,10,0,0,0,1,0
66299,2,0,1,1,0,0
34866,2,0,0,0,0,0
73630,15,1,0,1,0,1
93657,4,0,1,1,0,0
61187,20,0,1,1,1,0
95939,9,0,1,1,0,0
68940,18,1,0,0,0,0
54484,3,1,0,0,0,0
51105,18,1,0,0,0,0
46676,10,1,1,0,0,0
39453,1,1,0,0,1,0
62103,9,0,1,0,1,0
83311,10,0,1,0,0,0
52833,19,0,1,1,0,0
65418,15,1,0,0,1,0
89574,18,1,0,1,1,1
23764,22,0,0,0,1,0
67272,23,1,1,1,0,1
85716,10,1,0,0,0,0
93364,13,1,0,1,0,1
26836,1,0,1,0,0,0
94309,22,0,1,0,0,0
954,4,1,0,0,0,0
90184,4,1,1,0,1,0
38723,18,1,0,1,1,0
7492,20,1,1,0,0,0
55780,11,0,1,0,0,0
46817,17,1,0,1,0,0
87192,3,0,1,0,1,0
50959,21,0,1,1,1,0
26409,16,0,1,1,1,0
87555,9,1,0,0,1,0
63834,19,0,1,0,0,0
70567,5,0,1,1,1,0
52762,13,1,0,0,1,0
98606,10,1,0,1,0,1
12788,10,1,1,0,0,0
25442,17,0,1,0,0,0
37257,22,1,1,1,1,0
67963,21,0,0,0,0,0
52183,17,0,1,0,1,0
65833,23,1,0,0,1,0
89145,22,0,0,1,1,0
34798,10,0,1,0,1,0
80723,20,0,1,1,0,0
22771,11,0,0,0,0,0
25284,4,1,1,1,1,0
93484,22,0,1,0,0,0
42207,8,1,0,0,1,0
86302,8,0,1,1,1,0
51763,21,0,0,0,0,0
15808,9,1,1,1,0,0
92006,21,0,0,0,1,0
49911,18,0,0,1,0,0
2911,0,0,1,0,1,0
56350,6,0,0,1,0,0
72182,3,0,0,0,1,0
34854,0,0,1,1,1,0
95842,14,1,1,1,0,1
11511,7,1,1,0,0,0
3011,11,1,0,1,1,0
67370,21,0,0,1,0,0
83863,21,0,0,0,0,0
8780,17,0,1,0,1,0
84996,14,1,0,0,1,0
83979,16,0,0,0,0,0
71395,13,1,1,0,0,0
88714,13,0,0,0,1,0
11211,17,0,1,1,1,0
37604,19,0,1,1,1,0
1902,17,1,1,1,1,0
8255,15,0,0,0,1,0
73756,0,1,0,0,1,0
39484,22,0,0,1,1,0
47354,10,0,1,1,1,0
22018,14,1,1,0,0,0
86081,11,0,1,1,0,0
60813,7,0,0,0,0,0
30406,21,0,0,0,1,0
16746,19,0,0,1,0,0
46943,5,1,0,0,1,0
96701,2,1,0,0,0,0
90835,23,0,1,0,1,0
16471,12,0,0,0,1,0
77471,12,1,1,1,0,1
2149,1,0,1,0,1,0
31716,4,1,0,0,0,0
21032,16,0,1,1,0,0
29955,5,1,0,0,0,0
61534,1,1,0,0,0,0
72794,3,1,1,1,0,1
43116,21,1,0,1,0,0
7500,10,0,0,0,0,0
42742,7,0,1,0,0,0
15251,11,1,1,1,0,0
51507,7,1,1,0,1,0
66790,10,1,1,0,1,0
4599,21,1,1,0,0,0
6395,19,0,1,1,1,0
59140,7,1,0,0,1,0
12283,7,1,0,1,0,0
29399,16,1,0,1,0,0
12974,19,1,1,1,1,0
32811,19,1,0,1,0,0
5639,22,1,1,0,0,0
53451,15,1,0,1,0,1
61367,13,0,1,0,1,0
48454,10,1,0,1,0,0
2657,6,1,1,1,1,0
38460,15,1,1,0,0,0
82118,12,0,1,1,0,0
2300,14,0,1,1,1,0
68597,23,0,0,0,0,0
47075,15,1,0,1,1,0
21457,20,1,1,1,1,0
77605,22,1,1,1,0,1
2969,23,0,1,0,0,0
61235,8,1,0,1,1,1
50208,2,0,1,0,1,0
94279,18,0,1,0,0,0
90372,19,0,0,0,0,0
38567,4,0,1,1,0,0
23428,9,0,1,1,0,0
91512,16,1,0,1,0,1
86931,14,1,1,1,1,1
4087,22,0,1,0,1,0
58971,7,1,0,0,1,0
22499,14,1,1,1,1,0
46314,20,0,0,1,0,0
99622,13,0,1,0,1,0
86516,19,1,1,1,0,1
70371,6,1,1,1,0,1
44164,20,1,1,1,0,0
70191,22,1,1,1,0,1
40918,11,0,0,1,0,0
45625,16,1,1,1,1,0
19930,16,0,1,0,0,0
17529,9,0,0,0,0,0
6993,18,1,0,0,0,0
80009,13,1,1,0,1,0
47433,10,1,0,1,0,0
3536,1,0,1,1,0,0
74390,17,0,0,0,0,0
76313,6,0,0,0,1,0
5995,11,0,1,0,0,0
19838,1,1,0,0,1,0
30846,19,0,1,0,1,0
49477,17,0,0,1,0,0
48504,5,1,0,1,1,0
54145,23,0,0,0,1,0
97988,9,0,1,0,0,0
39890,19,1,1,1,0,0
5700,14,0,0,1,0,0
94760,4,0,1,1,0,0
93279,19,0,1,0,1,0
40864,2,0,1,1,1,0
74643,4,1,0,0,0,0
45814,7,0,1,0,0,0
56935,7,1,0,1,0,1
73844,7,0,0,1,1,0
56591,11,1,0,1,0,1
18689,23,1,0,0,1,0
43584,22,1,0,1,1,0
83089,7,0,1,1,1,0
36312,10,0,1,0,1,0
43625,13,0,0,1,0,0
47302,7,1,1,1,0,0
32735,23,0,1,0,0,0
63308,9,0,1,0,1,0
33928,6,0,1,0,1,0
18811,16,0,1,0,0,0
3520,3,1,1,0,1,0
96852,12,1,1,1,1,1
401,3,0,0,1,1,0
45336,4,0,0,0,0,0
66335,21,0,0,1,0,0
54340,3,1,1,1,0,1
65826,17,0,1,0,1,0
10592,5,1,0,0,0,0
6202,23,1,1,0,0,0
50436,23,0,1,1,0,0
85414,22,0,0,0,1,0
26741,21,0,0,1,1,0
34684,1,1,0,1,1,0
32845,22,1,1,1,1,0
23193,10,0,1,1,1,0
66205,13,1,1,0,0,0
51985,4,0,0,1,0,0
36731,5,0,0,0,1,0
73091,9,1,1,1,1,1
4114,7,1,0,0,0,0
11193,13,1,0,0,1,0
18170,23,1,1,0,1,0
35877,2,0,0,1,1,0
57058,11,0,0,1,1,0
82174,15,0,0,1,1,0
10829,22,1,1,0,0,0
99813,16,0,1,1,0,0
45117,0,1,0,1,1,0
66420,22,1,1,1,1,1
27851,9,1,1,0,0,0
78169,22,0,1,1,1,0
54848,9,1,0,1,0,1
5901,20,1,1,0,1,0
19290,23,1,0,0,0,0
49789,1,1,0,0,0,0
51093,8,1,1,0,1,0
29692,21,1,0,0,1,0
10747,12,1,1,0,0,0
8816,15,1,1,1,1,0
88991,17,1,0,1,0,1
87645,18,1,0,0,1,0
90012,11,1,1,1,1,1
70416,7,1,1,0,1,0
2468,16,0,1,1,0,0
77675,14,0,1,0,0,0
6755,9,1,0,0,1,0
70131,14,1,0,1,0,1
76529,14,1,0,1,1,1
91183,22,0,1,1,0,0
88022,6,0,0,1,1,0
55866,12,0,0,1,0,0
13503,16,1,0,1,0,0
32197,8,1,0,1,0,0
78757,7,1,1,1,0,1
11066,19,1,0,0,0,0
99257,20,0,0,1,0,0
93948,17,1,0,1,1,1
53021,12,0,0,0,1,0
49826,15,0,1,0,0,0
50400,8,1,1,0,1,0
22777,11,0,0,0,0,0
55709,11,0,1,1,1,0
96925,5,0,1,1,1,0
56761,18,0,1,0,1,0
31124,6,1,1,0,1,0
70413,2,1,0,1,0,1
53106,15,0,1,1,1,0
95385,17,1,1,1,1,1
15438,15,0,0,1,1,0
68127,22,1,0,0,0,0
92872,6,1,0,1,1,1
80235,3,1,0,0,0,0
19608,7,1,1,0,0,0
3151,12,1,0,0,1,0
48847,12,0,1,1,0,0
87242,16,1,1,0,1,0
87335,16,0,0,1,1,0
54121,4,0,0,0,1,0
66512,5,1,1,1,1,1
58435,18,0,1,0,1,0
56279,12,1,0,0,1,0
32193,13,0,0,1,1,0
69778,21,0,0,1,0,0
80838,3,1,1,0,0,0
39834,6,1,1,0,1,0
72715,7,1,0,1,1,1
73623,12,1,1,0,0,0
94576,5,0,0,1,1,0
17119,5,1,1,1,0,0
83713,23,0,1,0,0,0
91894,20,0,0,1,1,0
86772,2,0,0,0,1,0
73947,2,0,0,1,0,0
82850,12,0,1,1,0,0
79734,21,0,1,0,1,0
28351,1,1,0,1,1,0
26045,15,0,1,0,0,0
90952,21,0,0,1,0,0
32317,5,0,1,1,0,0
8408,7,1,0,1,1,0
6049,22,1,1,1,1,0
52090,7,0,1,0,1,0
1250,5,1,1,1,0,0
89580,13,0,1,1,0,0
74840,2,1,0,1,1,1
66717,9,0,1,0,0,0
94941,2,1,0,0,0,0
16996,11,1,0,0,0,0
46275,16,1,0,0,0,0
7905,4,0,0,1,0,0
5337,19,0,1,1,1,0
20156,8,0,0,1,1,0
45643,20,1,1,0,1,0
56656,19,1,1,0,1,0
3443,6,0,1,1,1,0
13600,21,1,1,1,0,0
53322,3,0,0,1,0,0
29475,12,0,1,0,0,0
9762,12,0,0,1,1,0
17064,9,0,1,1,0,0
59738,17,1,1,0,0,0
73766,16,1,0,0,0,0
85167,19,1,1,1,1,1
67315,19,0,1,0,0,0
69142,12,1,1,1,0,1
13384,16,0,1,1,1,0
72889,21,0,1,1,1,0
84764,3,0,0,1,0,0
93568,0,0,1,0,1,0
61489,0,0,1,0,0,0
9535,14,0,0,0,1,0
54440,12,1,1,1,0,1
44178,16,1,0,1,0,0
78932,23,1,1,1,1,1
51393,7,1,1,0,1,0
96081,17,0,0,0,1,0
78881,12,0,1,1,1,0
60503,22,1,1,0,0,0
29224,13,1,0,0,1,0
95535,7,1,0,0,0,0
44019,7,1,1,0,0,0
35347,14,1,0,1,0,0
94858,12,1,1,0,1,0
91847,6,1,0,1,0,1
62852,4,1,1,0,0,0
56673,16,0,0,1,1,0
59201,15,0,0,1,0,0
26746,22,0,0,0,0,0
23149,1,0,0,1,0,0
79705,21,1,0,1,1,1
98216,17,0,0,0,0,0
97479,16,1,0,1,0,1
68485,6,0,0,0,0,0
40258,12,1,0,1,1,0
65517,17,1,1,0,1,0
23389,13,0,0,0,1,0
9923,17,0,1,0,0,0
60260,12,1,0,0,0,0
42075,10,1,1,0,0,0
9640,20,1,1,1,0,0
16464,20,0,0,1,0,0
4711,15,0,0,0,1,0
27763,22,1,1,1,0,0
52091,16,0,1,1,0,0
57779,7,1,0,1,1,1
31077,18,0,0,0,1,0
94804,19,0,0,0,0,0
49215,14,0,1,1,1,0
91107,8,0,0,0,1,0
88323,19,0,0,0,1,0
60990,9,1,0,1,0,1
66487,11,1,0,0,1,0
18171,20,0,0,0,0,0
59375,22,1,1,0,1,0
72469,19,1,1,0,0,0
12038,0,0,0,0,0,0
35295,19,1,0,1,0,0
91780,8,0,1,0,1,0
4100,21,1,0,0,1,0
70688,14,1,1,1,1,1
93710,0,1,0,1,0,1
97956,11,1,1,0,1,0
38404,2,1,1,1,1,0
69549,10,1,0,0,0,0
83086,1,1,1,1,1,1
89743,15,0,0,0,0,0
20864,8,0,1,1,1,0
86127,14,0,0,0,0,0
38594,11,0,0,1,0,0
3473,0,1,0,0,1,0
12261,12,1,1,0,0,0
97632,13,1,0,0,1,0
92758,7,0,0,1,1,0
27450,7,0,0,1,1,0
93108,11,0,1,0,1,0
94397,0,1,0,0,0,0
25451,10,0,1,0,0,0
88768,7,1,1,0,0,0
15405,9,0,1,1,1,0
75453,18,1,0,1,1,1
76897,10,0,0,1,0,0
66053,6,1,1,0,0,0
57558,10,0,0,0,1,0
20458,16,0,0,1,1,0
3367,0,1,1,1,1,0
82845,20,1,1,1,0,1
89688,20,0,0,1,1,0
38613,7,1,1,0,0,0
26192,22,0,0,0,1,0
11438,23,1,1,0,0,0
512,5,0,0,1,1,0
7643,21,1,0,0,0,0
33596,17,0,1,1,0,0
60792,5,0,0,1,0,0
89184,4,0,0,1,1,0
93020,12,1,1,1,0,1
44525,18,0,0,1,0,0
38856,21,1,0,0,1,0
18988,7,1,0,0,0,0
35835,8,1,1,0,0,0
47395,16,0,1,1,1,0
83142,2,1,1,0,0,0
86099,18,1,1,1,1,1
18055,10,1,1,0,0,0
37941,23,0,0,1,1,0
70740,16,1,0,1,0,1
65610,20,1,0,0,0,0
35011,18,1,1,1,0,0
59131,1,1,0,0,1,0
88826,7,0,1,0,0,0
7457,18,0,0,0,0,0
32579,6,1,1,1,1,0
61576,16,1,0,1,1,1
44911,5,1,0,1,1,0
36308,18,1,1,1,0,0
20250,23,0,0,0,0,0
71280,5,0,0,1,0,0
43386,1,0,1,0,1,0
68550,5,0,0,0,1,0
21452,22,1,0,1,0,0
55169,4,1,1,1,0,1
14497,18,0,1,0,1,0
41655,19,0,1,1,1,0
47059,3,1,1,0,1,0
828,21,1,1,1,0,0
50617,16,1,0,1,1,1
66334,10,1,1,0,1,0
40054,3,1,1,0,1,0
47380,12,0,0,0,1,0
79559,19,0,0,1,0,0
16879,16,1,0,1,1,0
64032,8,1,0,1,0,1
73036,3,0,0,0,0,0
24566,22,1,1,0,1,0
37039,13,0,0,1,1,0
69996,18,0,1,0,0,0
35370,2,0,0,1,1,0
59263,13,0,1,0,0,0
82737,7,1,0,1,1,1
52034,23,1,1,1,0,1
64995,0,0,1,1,0,0
32407,9,1,1,0,0,0
54198,17,1,1,0,1,0
61021,15,1,1,1,0,1
5586,7,1,1,1,0,0
8435,0,0,1,1,1,0
87000,11,1,1,1,1,1
89212,7,0,1,1,0,0
97303,23,0,1,1,0,0
11230,15,1,0,0,1,0
87608,17,0,1,0,0,0
60666,3,1,1,0,1,0
66803,5,1,0,0,1,0
27292,11,0,1,1,1,0
1162,8,1,1,1,0,0
84176,14,0,0,1,1,0
89880,15,0,0,0,0,0
21645,23,1,1,0,0,0
21789,11,1,0,1,1,0
11274,23,1,1,0,1,0
88561,22,0,1,0,1,0
9448,13,1,1,1,1,0
23814,12,0,0,1,0,0
38202,1,0,1,1,0,0
74560,2,1,1,0,1,0
90030,23,1,0,1,0,1
6901,21,1,1,1,1,0
72367,9,0,1,1,0,0
48236,8,1,1,0,0,0
23725,19,0,1,0,0,0
82973,7,1,1,1,1,1
72692,9,1,1,1,0,1
77152,18,0,0,0,0,0
44361,2,0,1,0,0,0
1642,23,1,1,1,0,0
21777,4,1,0,0,1,0
46832,2,1,1,1,0,0
50443,15,1,1,1,1,1
39181,16,1,0,0,1,0
62956,14,0,0,1,0,0
93205,2,0,0,1,0,0
88958,11,0,0,0,1,0
19165,8,0,0,1,1,0
83560,20,1,0,0,1,0
88192,11,0,0,1,0,0
54793,14,0,1,1,0,0
27062,1,0,1,0,1,0
28395,22,1,1,0,1,0
13907,17,0,0,0,1,0
42448,19,1,1,0,0,0
26532,11,0,0,0,0,0
83385,22,1,1,0,1,0
91892,3,0,1,1,0,0
57954,22,1,1,0,1,0
40362,15,0,1,1,0,0
37180,22,1,0,0,1,0
1424,15,1,0,1,0,0
91367,0,0,1,1,0,0
36009,21,1,0,0,0,0
89439,1,1,0,1,0,1
19970,2,0,1,1,0,0
34678,20,0,0,1,0,0
72224,19,1,0,0,0,0
26890,16,0,0,0,1,0
25389,19,0,0,1,1,0
55229,21,0,1,0,1,0
93814,20,1,1,0,0,0
94346,0,1,0,1,0,1
15585,19,1,1,1,0,0
44582,5,1,1,0,1,0
86288,14,1,1,0,1,0
4848,13,1,0,0,1,0
86869,19,1,0,1,1,1
9535,14,0,1,0,1,0
3809,13,1,1,0,1,0
30455,20,1,0,0,0,0
55871,23,0,1,1,1,0
57899,4,0,0,1,0,0
13216,5,0,1,1,1,0
25570,16,1,0,0,1,0
42444,10,0,0,0,0,0
43018,15,1,0,1,0,0
52324,11,1,0,0,0,0
39398,14,1,1,0,1,0
80319,22,0,0,0,1,0
61729,3,0,1,1,0,0
66140,17,1,0,0,1,0
99618,20,1,0,0,0,0
99935,2,1,1,1,1,1
28116,21,0,1,0,1,0
24060,7,1,1,1,1,0
33691,22,0,0,0,0,0
82948,2,1,0,1,1,1
67741,7,0,1,1,0,0
36495,17,1,0,0,0,0
22800,9,0,1,0,0,0
34720,19,0,0,1,0,0
20659,16,0,0,0,0,0
93145,7,0,0,1,0,0
93496,22,0,1,0,0,0
61742,10,0,0,0,0,0
76639,4,1,1,0,0,0
21832,12,1,1,0,1,0
91462,20,1,0,1,0,1
30454,22,1,1,1,1,0
13943,4,0,1,0,0,0
71826,23,1,0,0,1,0
17740,12,0,1,0,1,0
52628,5,0,1,0,1,0
38513,4,0,0,0,1,0
52738,8,1,0,1,1,1
52836,15,0,0,1,1,0
68966,1,1,1,0,0,0
19187,0,1,1,1,0,0
41530,7,1,0,1,0,0
24604,18,1,1,0,0,0
7214,10,1,0,1,0,0
78959,11,0,0,1,0,0
99757,11,0,0,1,1,0
11075,6,1,1,1,0,0
11123,12,0,1,0,1,0
21547,7,1,0,1,1,0
90569,21,0,0,1,1,0
24059,8,0,1,1,1,0
66303,6,0,0,0,1,0
29803,20,0,1,1,1,0
9437,23,0,0,1,0,0
46527,14,0,0,1,1,0
61629,1,0,1,0,1,0
84765,22,0,1,0,0,0
32021,19,0,1,0,0,0
33407,11,0,1,0,0,0
27455,0,0,1,0,0,0
4935,22,0,0,1,0,0
20259,21,0,0,0,0,0
47705,7,1,1,1,0,0
38188,4,0,1,0,1,0
78852,14,0,0,0,0,0
55384,0,0,0,0,1,0
57143,0,0,1,1,0,0
35647,9,0,1,1,0,0
97107,21,0,0,1,1,0
82944,9,1,1,0,0,0
27632,20,1,0,0,0,0
34449,14,1,0,0,0,0
45545,16,0,1,0,0,0
5813,21,0,0,0,0,0
56278,5,0,0,0,0,0
49507,2,1,0,1,0,0
70440,12,0,1,1,1,0
51090,15,0,0,0,0,0
75772,7,1,1,1,1,1
65645,14,1,0,1,1,1
84891,16,0,0,1,1,0
58241,16,0,0,0,1,0
23893,21,0,0,0,1,0
56670,12,0,0,0,1,0
95184,16,1,1,0,1,0
37992,5,0,1,1,0,0
1115,16,0,0,0,0,0
61913,15,1,1,0,0,0
27812,13,0,1,0,1,0
8515,12,0,0,1,0,0
62392,5,1,1,1,1,1
23933,2,1,1,1,1,0
4258,13,0,1,1,0,0
62780,13,1,1,1,1,1
20409,14,1,0,0,1,0
7070,7,0,1,1,0,0
72574,14,1,0,1,1,1
86804,21,0,0,0,0,0
46640,12,0,1,0,1,0
20484,16,0,0,0,1,0
18117,20,0,1,1,0,0
75980,23,1,0,0,0,0
8802,2,0,1,1,0,0
484,5,0,1,0,1,0
504,4,0,0,1,1,0
41043,21,0,1,1,0,0
48026,16,1,1,1,0,0
29289,22,1,1,1,0,0
12863,1,1,1,0,1,0
18484,14,0,0,0,1,0
60200,4,1,0,1,0,1
98242,19,1,0,0,0,0
9960,5,0,1,1,0,0
80742,5,1,0,0,1,0
50712,17,0,1,0,0,0
23674,17,1,1,1,0,0
23624,3,1,1,1,0,0
69272,16,1,0,0,1,0
11016,13,1,0,1,1,0
4909,13,0,0,0,0,0
32301,12,0,0,0,1,0
53430,6,1,1,0,0,0
13556,11,0,0,1,0,0
56497,22,1,0,1,0,1
38865,14,1,0,0,0,0
34916,18,1,0,1,1,0
45206,10,1,1,1,0,0
54032,14,1,0,0,0,0
17200,11,1,0,1,1,0
57191,2,0,0,1,0,0
22049,16,0,1,0,1,0
70180,2,1,0,1,0,1
37844,18,0,0,0,0,0
45643,19,1,0,1,0,0
92293,3,0,1,1,0,0
36287,2,0,1,0,1,0
7339,15,0,0,0,0,0
14589,11,1,0,1,1,0
58117,7,0,1,0,1,0
61977,23,1,1,0,1,0
43225,16,1,1,1,0,0
50022,6,1,1,0,1,0
94174,10,0,1,1,1,0
32149,17,0,0,1,1,0
37231,0,0,0,0,0,0
43044,2,1,0,1,0,0
74063,3,1,0,0,1,0
24385,12,0,1,1,1,0
37726,5,1,1,0,0,0
42908,13,0,1,0,1,0
88564,4,0,1,1,1,0
53971,15,0,1,0,1,0
19298,14,0,0,0,0,0
19858,14,1,0,0,1,0
15354,3,0,0,1,1,0
44338,7,0,0,1,0,0
1352,15,0,0,0,1,0
39864,15,0,1,0,0,0
77809,3,0,1,1,0,0
37541,12,0,1,1,0,0
92334,12,0,1,1,1,0
53782,1,1,1,0,1,0
59594,2,1,0,1,1,1
81417,21,1,0,0,1,0
65315,7,1,0,1,1,1
78687,23,0,1,0,1,0
7049,14,1,1,1,1,0
55493,10,1,1,0,1,0
73653,8,1,1,1,0,1
7041,6,0,0,1,1,0
26034,12,1,1,0,1,0
23486,1,1,0,1,0,0
61986,7,0,1,1,1,0
75845,6,1,0,1,0,1
83351,23,0,1,1,1,0
94556,11,1,1,0,1,0
53513,18,0,0,0,0,0
56900,6,1,0,1,0,1
97339,9,1,1,0,1,0
42418,15,1,0,0,0,0
70273,2,0,1,0,1,0
70490,9,1,1,0,1,0
52429,5,0,0,0,1,0
43188,17,0,1,1,1,0
39911,17,0,1,0,1,0
55579,4,0,0,1,1,0
85492,20,1,1,0,0,0
87469,6,1,1,1,0,1
20063,1,1,1,1,0,0
55223,10,0,1,1,1,0
92805,12,1,0,0,0,0
73577,22,0,0,0,1,0
14488,4,0,0,1,0,0
5669,5,0,1,1,1,0
69936,23,1,0,0,1,0
36686,13,1,0,0,1,0
12115,11,0,0,1,1,0
45102,3,1,1,0,1,0
6354,22,1,0,0,0,0
17244,5,0,0,0,1,0
24314,9,0,1,0,0,0
80819,17,1,1,0,1,0
71874,14,0,1,0,1,0
6190,7,0,1,1,1,0
11737,8,1,1,1,0,0
22515,4,1,1,1,1,0
24171,9,0,0,1,0,0
58343,19,1,0,1,1,1
41340,5,0,1,1,0,0
83907,15,0,1,0,0,0
33534,23,1,0,0,0,0
69824,2,0,1,1,1,0
75797,9,0,1,1,1,0
28832,10,0,0,1,0,0
11414,10,1,1,0,1,0
24054,16,1,1,0,1,0
57208,3,1,0,0,1,0
87144,3,0,0,0,0,0
87605,16,0,0,1,0,0
36768,8,1,0,1,1,0
23161,18,1,0,1,0,0
79352,4,1,1,1,1,1
39849,21,0,1,0,1,0
17007,23,1,1,0,0,0
18877,5,0,1,1,0,0
93329,2,1,1,0,1,0
51845,21,0,0,0,1,0
91965,0,0,1,0,1,0
81918,19,1,1,0,0,0
23724,21,0,1,1,0,0
23421,15,1,1,0,1,0
10588,22,0,1,1,1,0
22674,10,0,0,0,0,0
5340,12,1,1,0,1,0
43321,9,0,1,1,0,0
10578,2,1,1,1,0,0
55745,8,1,1,0,1,0
19362,11,1,1,0,1,0
52896,22,0,1,1,0,0
4532,13,0,0,0,1,0
95357,0,0,1,0,0,0
64391,17,1,0,1,0,1
79204,16,1,0,0,0,0
59499,8,0,1,0,1,0
79814,8,0,1,0,1,0
50528,22,1,1,0,1,0
87831,9,0,0,0,0,0
402,18,1,1,1,0,0
82658,14,0,1,0,0,0
155,4,1,1,1,0,0
8817,14,0,0,1,1,0
28799,19,0,0,0,1,0
73786,22,1,1,1,1,1
67761,1,1,0,0,0,0
44347,12,1,1,1,0,0
16848,23,0,0,1,1,0
4721,15,1,1,1,0,0
15134,14,1,0,0,1,0
5226,9,0,1,1,0,0
5222,13,1,1,1,0,0
18130,9,1,0,1,0,0
82938,13,1,0,0,0,0
84817,22,0,0,0,0,0
55758,8,0,0,1,1,0
38738,13,0,0,1,1,0
67167,2,1,1,1,1,1
88969,19,0,1,1,0,0
34774,15,1,0,0,1,0
35954,1,1,1,0,1,0
46371,9,1,1,0,0,0
73788,2,0,0,1,0,0
38618,10,0,1,0,1,0
10367,10,1,1,1,1,0
90925,20,1,0,1,1,1
1162,20,0,0,1,1,0
50548,21,0,1,0,1,0
95562,12,0,0,1,0,0
6329,6,1,1,0,1,0
56893,22,0,0,1,1,0
48015,16,0,0,0,1,0
4732,1,0,0,1,1,0
3696,11,1,0,0,1,0
6268,9,0,1,1,1,0
7661,17,1,0,0,0,0
73894,21,1,0,1,0,1
82252,10,1,1,1,0,1
26834,15,0,1,1,1,0
6471,16,0,1,0,1,0
26169,18,0,1,1,0,0
80005,17,1,0,1,1,1
13010,2,0,1,1,1,0
73579,20,1,0,0,1,0
77835,15,0,1,1,0,0
81364,5,0,0,1,0,0
23375,11,0,1,0,0,0
72374,10,0,0,1,1,0
81549,14,1,0,0,0,0
60104,14,1,1,1,0,1
63081,15,1,0,0,0,0
84759,9,1,0,0,1,0
54653,11,0,0,0,0,0
48547,12,1,0,1,0,0
34629,3,1,1,1,1,0
75803,6,1,0,0,0,0
76190,21,0,0,1,1,0
17360,1,1,1,1,1,0
3912,14,1,1,0,0,0
28124,7,0,1,0,0,0
58756,6,0,0,0,0,0
27385,14,1,0,0,1,0
92536,22,1,1,1,0,1
1705,13,0,0,1,0,0
71258,7,1,1,1,0,1
72403,11,0,0,1,1,0
27239,12,1,1,1,1,0
77249,10,1,0,1,1,1
56238,16,1,1,0,0,0
76225,16,1,0,1,0,1
14018,23,1,1,1,1,0
85755,3,0,0,1,0,0
27546,20,0,0,0,0,0
13146,7,1,0,0,1,0
24918,4,1,1,1,1,0
4424,15,1,0,0,1,0
76423,3,0,0,0,0,0
9211,21,0,0,1,0,0
38210,14,0,1,1,0,0
16489,11,0,0,1,1,0
41527,4,0,1,0,1,0
79679,22,0,0,0,0,0
28846,15,0,1,1,1,0
87986,13,0,1,0,1,0
217,9,1,0,0,0,0
84571,6,0,1,0,1,0
13334,12,0,1,1,0,0
53541,19,0,0,1,1,0
946,4,0,1,1,0,0
11054,2,1,1,1,1,0
79339,14,0,1,1,0,0
46614,3,1,1,0,1,0
88336,14,1,0,0,1,0
97679,13,1,1,0,1,0
6569,19,0,1,0,1,0
30205,18,0,0,0,1,0
42201,12,0,0,0,0,0
64423,9,1,1,1,0,1
92022,20,1,0,1,0,1
58167,4,1,0,0,1,0
49476,22,1,0,1,0,0
45687,19,0,0,0,1,0
37076,19,0,0,0,1,0
67684,5,0,0,1,0,0
78577,3,1,0,1,0,1
42633,1,1,0,0,1,0
1928,21,0,0,1,1,0
2017,15,0,1,0,0,0
20718,17,1,1,0,0,0
32354,4,0,1,0,1,0
47462,21,0,1,0,1,0
20228,3,1,1,0,0,0
59483,12,1,0,1,1,1
65645,18,1,0,0,1,0
82280,22,0,1,1,0,0
88058,1,1,1,0,0,0
9965,12,0,0,1,1,0
2319,10,0,1,0,1,0
39909,21,1,0,1,0,0
5387,3,0,1,0,1,0
34487,21,1,0,0,0,0
8612,19,1,1,1,1,0
1442,19,0,0,1,0,0
63176,14,0,1,1,1,0
19316,3,1,1,1,1,0
93170,8,1,0,1,1,1
79867,6,1,0,1,0,1
97929,18,1,1,0,0,0
26714,18,1,1,0,0,0
36358,5,1,0,0,1,0
93889,5,0,0,1,1,0
42178,19,0,0,1,0,0
83624,14,0,1,1,0,0
96673,14,0,1,0,1,0
12319,19,1,0,1,1,0
335,8,0,1,0,1,0
43029,3,0,1,1,1,0
67544,17,1,0,1,0,1
8667,17,0,1,1,0,0
70892,4,1,0,0,1,0
65541,19,1,0,1,1,1
84655,22,1,1,0,1,0
73798,10,1,1,1,0,1
5515,4,1,0,1,0,0
36259,21,0,0,1,1,0
44025,3,0,0,1,1,0
6051,11,0,1,0,1,0
87488,1,1,0,1,1,1
8107,12,0,0,0,1,0
41932,9,0,0,1,1,0
58696,8,0,0,1,0,0
30623,9,0,1,1,0,0
88961,6,1,1,0,0,0
86840,3,0,0,1,1,0
15624,18,1,1,0,1,0
19382,9,1,1,0,1,0
24030,2,0,1,1,0,0
177,20,1,0,0,1,0
20711,18,1,1,1,0,0
17084,20,1,1,0,1,0
14160,1,1,0,0,1,0
83085,19,1,0,0,1,0
84156,9,1,1,0,0,0
43403,1,1,1,1,0,0
59307,1,0,0,0,0,0
75146,23,0,0,1,1,0
29387,16,1,0,0,0,0
93809,15,1,0,1,1,1
39811,15,0,1,1,1,0
12054,13,0,0,0,0,0
73440,6,0,1,0,0,0
72201,20,0,1,1,1,0
71620,10,1,1,0,1,0
87162,23,1,0,0,1,0
18674,0,0,0,0,1,0
9284,10,0,1,0,0,0
19196,22,0,1,0,0,0
67828,20,0,1,0,0,0
34116,3,1,1,0,1,0
11346,6,0,1,0,1,0
45658,14,0,0,0,1,0
18481,17,0,0,1,0,0
36555,11,1,0,0,1,0
92363,16,1,1,0,1,0
4118,0,1,1,0,0,0
11402,10,0,0,0,0,0
67606,0,0,0,0,1,0
41257,14,0,1,1,0,0
55017,20,1,0,1,1,1
92838,9,1,0,0,0,0
96746,6,0,0,1,1,0
83222,1,0,1,0,0,0
24619,9,1,1,0,0,0
96909,23,0,0,1,0,0
87587,3,0,1,1,0,0
56919,11,0,0,1,1,0
81010,18,1,0,1,1,1
71424,10,0,1,1,0,0
5508,7,0,1,0,1,0
59479,17,0,1,0,0,0
25153,10,0,0,0,0,0
9546,10,1,0,1,1,0
1022,12,1,0,0,1,0
98823,2,1,1,1,1,1
51456,11,0,0,0,1,0
10889,2,1,0,1,1,0
97820,9,0,0,1,1,0
66756,16,1,0,0,1,0
44128,21,0,1,0,0,0
64584,1,1,1,0,1,0
32254,16,1,1,0,0,0
82970,15,1,0,1,1,1
2436,1,0,0,0,1,0
67879,21,0,0,1,0,0
19129,19,0,1,0,0,0
59301,5,1,1,0,0,0
32365,9,0,1,0,0,0
43972,9,0,1,0,1,0
46297,7,0,1,0,1,0
55280,0,0,0,1,0,0
23810,12,0,1,0,0,0
29586,23,0,1,1,1,0
72007,8,1,1,0,1,0
71995,21,1,0,1,0,1
64535,9,0,1,0,1,0
40731,14,1,1,0,1,0
20203,4,1,1,0,0,0
64872,21,0,0,1,0,0
14482,15,0,0,1,0,0
84391,12,1,1,0,0,0
3856,21,0,1,0,1,0
20709,19,1,1,0,0,0
16578,17,1,1,1,1,0
39766,10,1,0,0,1,0
75783,8,0,1,1,1,0
99197,15,1,0,0,1,0
71415,1,0,1,1,0,0
77934,1,0,0,1,1,0
14253,11,0,0,1,0,0
76425,7,0,1,0,1,0
13099,8,0,0,1,0,0
55418,11,1,1,0,1,0
914,8,0,0,1,1,0
76177,9,0,0,0,0,0
90574,1,0,1,1,0,0
2543,15,0,1,1,0,0
76093,19,0,0,0,0,0
76016,6,1,0,0,1,0
73419,1,0,1,1,1,0
17468,0,0,1,1,1,0
15428,18,1,1,0,1,0
57042,3,0,0,1,1,0
91851,23,1,1,1,0,1
99231,21,1,1,0,0,0
27406,1,1,0,0,1,0
85551,13,1,1,0,0,0
40015,1,0,1,1,1,0
37319,14,0,1,1,1,0
80979,11,1,1,1,0,1
64744,4,1,0,0,1,0
60379,19,0,1,1,0,0
53128,6,1,1,0,1,0
226,23,1,1,0,0,0
52429,20,1,1,1,1,1
27732,9,0,1,0,1,0
65410,13,1,1,1,0,1
55276,13,0,0,0,1,0
86166,4,0,0,0,1,0
44427,17,0,0,0,0,0
69004,23,1,1,1,0,1
3897,13,1,1,0,0,0
47982,1,0,1,1,1,0
13818,11,0,0,0,0,0
34660,21,0,1,0,0,0
76689,23,1,0,0,0,0
22216,5,1,1,1,1,0
36344,3,0,1,1,0,0
1745,12,0,0,1,1,0
47623,3,1,0,1,1,0
19356,21,0,0,1,0,0
53273,13,1,0,0,1,0
37530,15,1,0,0,1,0
39382,3,0,0,1,1,0
63474,23,0,1,1,1,0
68344,0,1,0,1,1,1
11794,12,1,1,1,0,0
56364,3,1,1,0,0,0
75160,19,1,1,1,0,1
97516,17,1,1,1,1,1
57645,5,0,1,1,0,0
39324,2,1,0,1,1,0
98045,22,1,0,0,1,0
13324,12,1,0,0,1,0
40838,15,0,1,1,1,0
25250,4,0,0,0,0,0
63831,3,1,1,0,1,0
49788,20,1,1,1,0,0
73609,7,0,1,1,0,0
8677,18,0,1,0,1,0
8170,13,0,0,0,0,0
8766,6,0,0,0,0,0
57861,13,1,0,0,0,0
36468,5,0,0,0,1,0
6883,11,1,0,1,1,0
42014,15,1,1,0,1,0
70607,16,0,0,0,0,0
79126,12,0,1,0,0,0
67626,22,0,1,0,1,0
70935,13,0,1,0,1,0
45865,6,1,0,0,0,0
20056,13,1,1,0,1,0
87995,14,1,1,0,1,0
46340,11,0,0,1,0,0
37248,16,1,1,1,0,0
94370,8,0,1,0,1,0
4857,21,1,1,1,1,0
19197,14,0,0,1,1,0
10495,11,1,1,1,1,0
16341,1,1,1,1,0,0
27796,4,0,0,1,1,0
70580,12,1,0,1,1,1
46263,19,1,1,0,0,0
19916,22,0,0,0,0,0
49940,7,0,0,1,0,0
52953,13,0,0,0,0,0
25017,14,0,0,1,0,0
96831,10,0,0,0,0,0
21666,0,1,0,0,0,0
75552,20,0,0,0,1,0
62923,2,1,1,1,1,1
20906,16,1,0,0,0,0
75620,18,0,0,0,1,0
1859,13,1,0,1,1,0
42049,21,1,1,1,0,0
92474,22,0,0,0,0,0
2582,7,1,0,1,0,0
24542,12,0,1,0,0,0
33819,19,0,0,0,0,0
58166,2,0,1,1,1,0
93601,4,1,1,1,1,1
2179,8,1,0,0,0,0
2817,5,1,1,1,0,0
59776,21,1,0,0,1,0
28052,1,0,0,1,1,0
86544,12,1,1,1,1,1
42560,4,0,1,1,0,0
90497,7,1,0,1,0,1
72947,22,1,0,1,1,1
93707,0,1,1,0,0,0
89206,19,1,0,0,1,0
18549,11,1,0,0,0,0
33636,22,0,0,1,0,0
64177,10,1,1,0,1,0
38358,6,1,0,0,1,0
48402,14,1,0,1,0,0
28965,21,1,0,1,1,0
6745,23,0,1,1,0,0
38100,10,1,1,0,1,0
26837,21,0,1,0,1,0
11585,15,1,0,1,0,0
38665,2,0,1,0,0,0
25622,19,0,0,0,0,0
65255,13,0,1,1,1,0
55268,2,0,0,0,1,0
52587,0,0,1,1,0,0
12442,20,1,0,0,1,0
40906,14,0,0,1,0,0
48870,0,1,1,0,0,0
78723,16,0,0,0,0,0
99885,1,0,1,1,0,0
75729,19,1,1,1,0,1
52703,5,0,0,1,1,0
82074,7,0,0,1,1,0
26499,15,0,1,0,0,0
85482,18,0,1,1,1,0
81344,0,1,1,1,0,1
76634,2,0,0,1,1,0
55206,2,0,1,1,1,0
30778,4,1,0,1,0,0
76318,11,1,0,0,1,0
63330,11,0,1,1,0,0
74155,19,0,1,1,1,0
56473,12,1,0,1,0,1
31580,19,0,0,0,0,0
85330,8,1,0,0,0,0
68936,6,0,0,0,0,0
72358,3,1,1,1,0,1
40086,18,1,0,1,0,0
24260,21,1,1,0,1,0
85695,18,0,1,0,0,0
79211,5,0,1,1,1,0
65029,12,0,0,1,0,0
73606,10,0,0,1,1,0
35011,12,1,1,0,0,0
87227,12,1,1,1,0,1
31921,21,1,1,1,1,0
75139,19,0,1,0,0,0
60635,14,0,0,0,0,0
84558,20,0,1,0,0,0
12275,12,1,0,1,0,0
54871,21,0,0,0,1,0
87025,10,0,0,0,0,0
66458,18,1,0,1,1,1
17427,7,1,1,1,0,0
47157,19,0,0,0,0,0
6250,7,1,1,1,0,0
4525,9,0,0,0,0,0
16132,15,1,1,1,1,0
2298,18,1,1,1,0,0
60600,22,1,1,0,0,0
53494,10,0,1,0,0,0
20179,12,0,1,0,1,0
36320,8,0,0,1,1,0
41974,19,1,1,0,1,0
13959,23,1,0,1,1,0
50560,18,1,1,1,0,1
31519,15,1,0,0,0,0
8805,6,0,0,1,1,0
42980,18,0,0,1,0,0
23336,11,0,1,0,0,0
88055,14,1,0,1,1,1
85614,22,1,1,1,0,1
15458,13,0,1,0,1,0
99813,10,1,0,0,1,0
95014,9,0,0,1,1,0
77018,10,1,1,1,1,1
14696,5,1,1,1,1,0
33672,1,0,1,1,1,0
78857,10,0,1,0,0,0
1379,18,1,1,1,0,0
63297,5,0,1,1,0,0
62616,13,0,0,1,1,0
7183,19,1,1,1,1,0
17871,5,1,1,0,1,0
30075,16,1,0,1,0,0
45748,9,0,0,0,0,0
48385,0,1,0,0,1,0
19163,2,1,1,0,1,0
67742,7,1,0,0,1,0
90193,7,1,0,0,1,0
86243,19,1,1,1,1,1
37699,21,0,1,0,0,0
52020,14,1,1,0,1,0
28629,23,1,1,0,1,0
36054,6,0,0,1,1,0
27956,10,1,1,0,1,0
2673,6,1,0,1,0,0
78444,3,0,1,0,1,0
35467,11,1,0,0,1,0
99708,5,0,1,1,1,0
60874,13,1,1,1,0,1
23852,11,0,1,1,1,0
55129,10,0,0,0,0,0
17785,18,1,0,1,1,0
51793,20,0,0,1,1,0
56061,4,0,1,1,1,0
77008,13,1,0,1,1,1
74632,20,1,1,1,1,1
82094,23,0,1,0,1,0
56233,15,1,1,1,1,1
97525,12,0,0,0,1,0
61368,21,0,1,1,1,0
92301,21,1,0,1,0,1
38343,19,1,1,0,0,0
57484,21,0,1,0,0,0
31753,3,1,1,0,0,0
26757,10,1,0,0,1,0
40052,16,0,0,1,1,0
22280,6,0,1,0,0,0
97532,13,0,0,1,0,0
78511,10,0,0,1,0,0
1722,21,0,1,1,0,0
48856,8,0,1,0,1,0
40909,22,1,0,0,0,0
16825,12,0,1,0,1,0
61496,22,1,1,1,1,1
51326,17,1,0,0,1,0
81282,10,0,0,0,0,0
82665,14,1,1,1,0,1
29502,21,0,0,0,1,0
4363,18,1,0,1,0,0
96623,0,0,1,0,0,0
46928,3,0,1,0,1,0
48024,13,0,1,0,1,0
74282,13,0,1,0,0,0
93165,2,1,0,0,1,0
59152,16,1,0,1,0,1
11764,2,1,1,0,0,0
35837,15,1,1,0,1,0
89663,13,1,1,0,1,0
29473,19,0,1,0,0,0
36497,12,0,0,0,1,0
86245,14,0,0,0,0,0
38809,13,0,1,0,1,0
61220,23,0,1,1,0,0
19350,18,1,0,1,1,0
21272,5,0,0,0,0,0
11655,9,0,0,1,0,0
87510,14,1,0,0,1,0
78717,20,1,1,1,0,1
53376,21,0,0,0,0,0
57592,19,0,0,0,0,0
53102,5,1,0,1,0,1
89699,22,0,1,0,0,0
72455,9,0,1,1,1,0
91348,6,0,0,0,0,0
24862,21,1,0,0,0,0
11146,16,0,1,0,0,0
97099,17,0,1,0,1,0
28869,16,1,0,1,1,0
53402,8,1,1,0,0,0
23250,9,1,0,1,0,0
68347,9,0,1,1,1,0
4953,6,1,0,0,1,0
94713,15,0,0,0,0,0
89499,17,1,1,1,1,1
21892,5,0,0,1,0,0
59229,19,1,1,0,0,0
74578,0,0,1,1,0,0
67398,0,0,1,1,1,0
32087,11,1,0,1,0,0
15950,20,1,0,0,0,0
12212,1,0,0,1,1,0
24158,3,1,1,1,0,0
45520,16,0,0,1,0,0
38990,3,1,0,1,0,0
66117,10,1,0,0,1,0
47404,21,0,0,0,1,0
33021,3,1,1,1,0,0
1624,0,1,0,1,1,0
15148,6,0,1,1,0,0
35211,17,0,1,0,0,0
38004,8,1,1,0,1,0
55012,2,0,1,1,1,0
34108,7,1,0,1,0,0
160,23,1,0,0,1,0
74766,18,0,0,1,1,0
83659,3,0,1,1,1,0
55437,17,0,0,0,0,0
13450,19,0,1,0,0,0
24454,10,0,0,0,1,0
45286,13,0,0,0,0,0
28245,17,1,0,0,0,0
34120,15,1,1,1,1,0
86223,2,0,0,0,0,0
75286,14,1,1,0,1,0
85569,3,1,1,0,0,0
20681,4,1,1,0,0,0
89029,16,1,0,0,1,0
23151,6,0,0,0,0,0
51574,15,1,1,1,1,1
91848,13,1,1,0,0,0
69726,15,0,1,1,0,0
7060,6,0,1,1,0,0
35872,8,0,1,0,1,0
21620,3,0,0,0,0,0
49581,21,1,0,1,0,0
36508,10,0,0,1,1,0
94106,1,1,1,1,1,1
57234,11,1,1,0,0,0
20591,11,0,0,1,1,0
1441,3,0,0,0,1,0
44723,17,0,1,0,1,0
90427,20,0,1,1,1,0
438,6,0,1,0,0,0
71531,0,0,0,0,1,0
12354,22,1,1,1,0,0
51960,12,1,1,1,0,1
11444,5,1,1,0,0,0
1850,5,1,0,1,1,0
54856,11,0,1,0,1,0
68057,7,0,0,1,0,0
58153,23,1,1,1,0,1
70955,21,1,1,1,1,1
15996,18,1,0,1,1,0
55861,4,0,1,0,0,0
62652,17,0,0,1,1,0
77554,4,0,1,0,1,0
90700,9,1,0,0,0,0
28035,0,1,1,1,1,0
37741,9,0,0,1,1,0
29811,4,0,0,1,0,0
70442,11,1,1,1,1,1
12282,21,1,0,1,0,0
87933,6,0,1,0,1,0
56376,8,1,0,1,0,1
19641,21,0,1,0,1,0
94557,20,0,1,0,0,0
82410,11,1,1,0,1,0
44913,22,1,1,0,1,0
37298,0,1,0,1,1,0
8920,10,0,1,1,0,0
24170,20,1,1,0,1,0
69868,14,1,1,0,0,0
11222,1,0,1,1,1,0
80659,19,0,1,0,1,0
73643,6,1,0,1,1,1
83541,20,0,1,0,1,0
41886,11,0,0,1,1,0
95034,21,0,0,0,1,0
99904,17,1,1,0,0,0
6837,2,1,1,0,0,0
36162,6,0,0,1,1,0
54337,10,0,0,1,1,0
51671,17,0,0,1,1,0
25610,11,1,1,0,1,0
19526,5,0,0,0,1,0
37365,4,0,0,0,0,0
17950,0,1,1,0,1,0
66250,11,0,0,0,1,0
87412,10,1,1,0,0,0
89713,3,1,0,1,0,1
75010,17,1,1,1,0,1
52475,3,0,0,1,1,0
35535,16,0,1,0,1,0
96543,1,1,1,1,1,1
57232,23,0,0,0,1,0
79045,21,1,1,0,1,0
82150,1,0,0,1,0,0
95502,11,1,1,0,1,0
3083,5,1,1,0,1,0
97341,9,0,1,0,1,0
20762,22,0,1,0,0,0
23610,20,0,1,0,1,0
78287,22,0,1,1,1,0
41098,15,1,1,1,1,0
56946,13,1,0,0,1,0
94171,6,0,0,0,0,0
6740,18,0,1,1,0,0
44647,22,1,1,1,0,0
54720,16,0,1,1,1,0
15417,8,0,0,0,0,0
7664,12,0,1,1,0,0
27445,21,0,0,1,1,0
94323,4,1,1,0,1,0
79373,22,1,1,0,0,0
74959,4,0,1,1,0,0
80865,9,1,1,0,0,0
74138,20,0,1,1,0,0
52493,9,0,0,1,1,0
66181,6,0,1,0,1,0
29530,14,1,0,0,0,0
75632,6,1,0,1,0,1
27888,14,1,1,0,0,0
95605,2,1,1,0,1,0
48643,18,1,1,0,1,0
14019,9,0,0,0,1,0
69446,14,0,0,0,0,0
96222,2,1,0,0,1,0
40074,5,1,1,0,0,0
16471,11,1,0,1,0,0
45184,14,0,0,0,1,0
29729,5,1,0,1,0,0
51284,12,0,1,0,1,0
62016,18,0,0,1,1,0
74072,2,1,0,0,0,0
62287,7,0,1,1,0,0
13084,7,0,1,0,1,0
33139,22,1,1,1,1,0
85531,19,0,0,0,1,0
83791,14,1,0,0,1,0
58706,3,0,0,1,1,0
10716,18,1,1,1,1,0
50172,20,1,0,0,1,0
24674,2,0,1,1,0,0
3530,12,1,1,1,1,0
12776,7,0,0,0,0,0
10916,22,0,0,1,0,0
32833,15,1,0,0,1,0
85780,12,0,1,1,1,0
2150,2,1,1,0,1,0
34033,15,0,0,1,1,0
25051,8,0,1,0,1,0
32513,13,1,0,0,0,0
34901,12,0,0,1,0,0
55719,20,0,0,1,1,0
33013,6,0,1,0,1,0
40700,14,0,1,0,1,0
57875,6,0,0,1,1,0
90916,5,0,0,1,0,0
90193,1,0,1,1,0,0
35500,8,0,0,1,0,0
4594,21,1,1,1,1,0
80788,23,0,0,1,1,0
89531,16,0,1,0,1,0
74791,4,1,0,1,0,1
97519,11,1,1,1,0,1
43101,0,1,0,1,0,0
67464,9,0,1,1,1,0
45128,10,1,1,0,0,0
97759,15,1,1,0,1,0
37673,13,0,1,0,0,0
906,7,0,0,0,1,0
56738,23,1,1,1,1,1
29857,16,1,1,0,1,0
34736,17,0,0,1,1,0
80197,11,0,1,1,0,0
48380,16,0,0,0,0,0
24362,13,0,1,0,0,0
80535,15,0,1,1,1,0
62311,13,1,1,0,0,0
54942,8,0,1,0,1,0
57079,3,0,1,1,0,0
81570,22,0,1,1,0,0
38297,10,0,0,1,1,0
41944,5,0,0,1,1,0
64854,14,1,1,1,1,1
34257,4,0,1,0,0,0
77229,10,1,0,1,1,1
40142,17,0,0,1,0,0
61765,12,1,1,1,0,1
82956,10,1,1,0,0,0
27476,13,0,1,1,1,0
55654,17,0,1,1,0,0
14299,18,0,1,0,1,0
81512,23,0,1,1,1,0
51048,14,0,0,1,0,0
73881,8,1,1,1,0,1
72850,7,0,1,0,0,0
66362,19,0,0,0,0,0
46700,0,1,0,1,1,0
76998,3,0,0,1,1,0
62583,13,1,0,1,1,1
18397,1,0,1,0,1,0
30548,15,1,0,0,1,0
26272,2,0,0,0,1,0
42974,7,1,1,0,1,0
7757,5,1,0,0,1,0
84486,15,0,0,0,1,0
25525,23,0,1,1,0,0
26785,15,0,1,0,0,0
24678,6,1,1,1,1,0
28931,12,1,1,0,1,0
8006,12,1,1,1,0,0
61513,4,0,1,0,0,0
54128,19,0,1,1,0,0
7387,21,1,0,1,1,0
33760,17,0,0,1,0,0
75858,14,1,1,0,0,0
60604,17,0,0,0,0,0
59820,1,0,1,0,0,0
34801,9,1,0,1,0,0
83400,22,0,1,1,1,0
17774,12,0,0,1,0,0
83660,17,0,1,0,1,0
23974,14,0,0,0,0,0
43742,11,0,1,1,0,0
97920,14,1,0,0,0,0
65260,12,0,0,0,0,0
17702,17,1,1,0,0,0
88901,14,0,0,0,1,0
26031,22,0,0,1,1,0
94477,10,1,0,0,1,0
29292,18,1,0,0,1,0
46642,2,0,0,1,1,0
42620,6,0,1,1,1,0
64872,20,1,1,0,1,0
58862,13,1,0,0,0,0
50206,13,1,1,0,1,0
81221,21,1,0,0,0,0
25659,12,0,1,1,0,0
33842,11,0,0,1,1,0
69769,23,0,0,1,0,0
80299,8,0,0,0,0,0
21854,0,0,0,0,1,0
4072,18,1,1,1,0,0
70931,10,1,1,0,1,0
41973,22,1,1,1,0,0
94761,21,0,0,1,1,0
10003,22,1,1,1,0,0
3120,23,0,1,1,1,0
41855,21,0,0,1,0,0
86056,18,0,0,1,1,0
87088,17,1,0,1,0,1
45748,11,0,1,0,0,0
9616,22,0,1,1,1,0
2496,0,1,0,1,0,0
84182,18,0,1,0,1,0
19229,19,1,0,1,0,0
1691,16,0,1,0,0,0
11403,4,1,0,1,1,0
30661,2,0,1,0,0,0
71819,1,0,1,0,1,0
92208,2,1,1,0,0,0
99716,7,0,0,1,0,0
86331,15,1,0,0,0,0
7414,5,0,0,1,0,0
19723,12,1,1,1,1,0
67775,22,0,0,1,1,0
96926,21,0,1,1,0,0
65182,21,0,0,1,0,0
83724,15,1,0,1,1,1
33230,15,1,1,1,0,0
51856,2,1,1,0,1,0
97724,12,1,0,1,0,1
26392,13,1,0,1,0,0
86306,7,0,1,0,1,0
69374,11,0,1,1,0,0
2569,22,0,0,0,1,0
54047,22,0,1,0,1,0
22634,21,0,0,1,1,0
63720,20,1,0,1,1,1
48974,7,0,0,0,1,0
49808,20,1,1,1,1,0
74653,8,0,0,0,0,0
68444,0,1,0,0,1,0
49238,5,1,1,1,1,0
54402,22,1,1,0,0,0
47738,18,0,1,1,1,0
78349,22,0,0,1,0,0
2819,10,0,1,0,1,0
22990,10,0,1,0,1,0
77336,22,1,0,1,1,1
36609,12,1,0,1,0,0
42634,10,1,0,1,0,0
92341,17,1,0,0,1,0
18887,22,0,1,1,1,0
48945,14,1,0,0,0,0
58032,0,0,1,0,0,0
92224,20,1,0,0,0,0
91759,6,1,0,1,1,1
33162,22,1,1,0,0,0
75813,12,0,1,1,0,0
87363,11,0,1,0,0,0
95856,17,1,0,1,0,1
60561,23,1,0,1,0,1
75518,18,1,1,0,0,0
66772,14,0,1,1,0,0
34932,7,0,0,0,1,0
32066,18,0,1,0,0,0
72645,9,1,1,0,1,0
13087,6,0,0,0,1,0
37411,17,1,1,0,0,0
31675,15,0,0,0,1,0
63952,19,1,0,0,1,0
1107,5,1,0,1,0,0
71081,8,0,1,0,1,0
76342,20,1,1,0,0,0
47617,12,1,1,1,0,0
29357,20,1,1,1,0,0
87372,7,0,0,0,0,0
42307,15,1,0,0,0,0
13381,12,0,1,0,0,0
61346,12,0,1,1,0,0
1535,16,1,1,0,1,0
98975,22,0,1,1,0,0
91457,19,1,0,0,1,0
26760,4,0,1,0,0,0
5184,21,1,0,1,0,0
82297,20,0,1,0,0,0
13607,16,1,1,0,1,0
72695,8,1,1,0,1,0
83907,1,1,0,1,1,1
45639,17,1,1,0,1,0
7591,8,0,0,0,1,0
50292,5,0,0,1,1,0
80495,10,1,1,1,0,1
63988,5,0,0,0,0,0
73709,5,1,0,0,1,0
9177,12,1,0,1,1,0
21053,10,0,1,0,1,0
77019,13,0,0,0,1,0
67989,1,1,0,1,1,1
23921,7,0,1,0,0,0
37667,2,1,1,0,0,0
24960,22,0,0,1,0,0
21295,20,0,0,0,0,0
77575,2,0,0,0,0,0
90974,0,0,0,0,0,0
87366,23,0,1,1,0,0
21527,18,1,1,0,0,0
27183,17,0,0,1,1,0
87146,16,0,1,1,1,0
57472,19,1,0,0,0,0
44164,23,1,1,1,0,0
7913,12,1,1,0,0,0
31698,2,0,0,0,1,0
93206,0,0,0,0,1,0
27182,3,1,0,1,0,0
29341,12,1,0,0,1,0
96314,16,1,1,0,0,0
44669,10,1,1,0,0,0
11845,1,0,0,1,0,0
26129,15,0,1,1,0,0
13125,1,0,1,0,0,0
14388,18,0,0,0,1,0
89286,22,0,0,0,0,0
6640,18,1,1,0,0,0
97868,15,0,0,1,0,0
82058,21,1,0,1,0,1
68978,18,1,1,1,1,1
41946,8,1,1,1,0,0
76032,0,0,0,1,0,0
17582,9,1,1,1,1,0
23511,18,0,0,1,0,0
51075,0,1,0,0,0,0
60645,1,0,1,0,0,0
78897,15,1,1,0,0,0
52407,11,0,0,0,1,0
3193,7,1,0,0,0,0
77358,22,1,0,0,0,0
22142,17,1,1,1,1,0
53030,1,1,0,0,0,0
44513,12,0,1,1,0,0
93723,5,0,0,0,1,0
97983,20,0,1,1,0,0
33856,5,1,0,1,1,0
53368,8,1,1,0,0,0
39314,15,1,0,0,1,0
81971,10,1,0,0,0,0
28702,6,1,0,0,0,0
53431,9,1,0,0,1,0
49001,9,0,1,1,0,0
63516,19,0,1,0,1,0
32296,17,0,1,1,1,0
5726,23,0,1,1,1,0
7524,19,0,1,1,1,0
12957,8,0,0,0,0,0
20082,14,0,1,0,1,0
77061,3,0,1,0,0,0
2080,7,1,1,0,0,0
48390,8,1,1,0,1,0
26531,12,1,0,0,1,0
85076,8,1,0,1,0,1
82811,3,1,0,0,1,0
26485,16,1,0,1,0,0
38258,15,1,1,1,1,0
23119,14,0,1,0,0,0
18739,2,0,0,0,0,0
85630,19,1,0,0,1,0
21663,4,0,1,0,0,0
39441,22,0,1,0,0,0
5876,4,0,0,0,1,0
36544,19,0,0,1,1,0
69016,14,0,0,1,1,0
8811,17,1,0,1,1,0
74418,14,0,1,1,1,0
83070,1,1,1,1,0,1
85653,12,1,1,1,0,1
30807,3,1,0,0,1,0
39210,9,0,1,0,0,0
61888,12,1,1,0,0,0
82979,9,1,0,1,0,1
38927,8,1,0,1,0,0
5755,7,1,0,1,0,0
44959,2,0,0,0,1,0
53725,15,1,0,0,1,0
52198,13,1,0,0,0,0
15351,8,1,1,1,0,0
626,20,1,1,1,1,0
68860,10,0,1,1,1,0
47937,2,1,1,0,1,0
11636,4,1,1,1,1,0
28641,9,1,1,0,0,0
79183,12,1,0,0,1,0
51127,3,1,0,0,1,0
34631,23,1,0,0,0,0
8812,12,0,1,0,1,0
65555,11,1,1,0,1,0
74844,4,0,0,0,1,0
5209,9,0,0,1,1,0
49368,23,1,0,0,1,0
54715,8,0,0,1,0,0
82603,19,1,0,0,0,0
29859,6,0,1,0,0,0
85808,1,1,1,0,0,0
60212,21,0,1,1,0,0
26689,23,0,0,0,1,0
30115,22,1,1,0,1,0
29109,6,0,0,1,1,0
83409,7,0,1,1,1,0
62146,6,0,0,1,1,0
26243,20,0,0,1,1,0
6254,22,0,1,0,1,0
21904,13,1,1,0,1,0
41788,18,0,1,1,1,0
64388,4,0,1,0,1,0
51295,22,1,1,1,1,1
20681,17,1,0,1,1,0
52748,19,1,1,1,1,1
30187,11,0,1,0,0,0
50030,22,0,0,1,1,0
33081,16,0,1,0,0,0
69398,12,0,0,0,1,0
46267,1,1,1,0,1,0
75404,12,1,1,1,1,1
43508,6,0,0,0,0,0
39599,9,0,1,1,0,0
52369,22,0,1,0,1,0
38659,5,0,1,0,1,0
74419,2,1,1,0,1,0
95417,2,1,0,1,1,1
96447,17,0,0,1,0,0
48887,10,1,1,1,0,0
35588,21,0,1,1,1,0
74541,19,0,0,0,0,0
74763,4,1,0,0,0,0
22531,18,0,1,1,1,0
61781,21,1,0,1,1,1
63583,18,0,0,1,1,0
49253,14,1,0,1,0,0
6468,15,0,0,0,1,0
27524,23,1,1,1,0,0
45104,8,0,0,1,1,0
83969,3,0,1,0,1,0
88752,14,1,1,1,0,1
57085,11,0,0,0,0,0
50169,22,1,1,1,0,1
52426,2,1,1,0,0,0
81161,22,0,0,1,0,0
23498,13,0,0,1,0,0
98493,16,0,0,1,1,0
50961,18,0,1,1,0,0
75997,5,1,1,1,0,1
82005,3,0,1,0,1,0
68677,6,0,1,1,0,0
65741,18,0,0,0,0,0
9178,16,1,1,0,1,0
25103,15,0,0,0,1,0
62868,14,1,0,0,1,0
51147,21,0,0,1,0,0
71726,7,1,0,1,1,1
57760,18,0,1,1,0,0
49886,7,0,0,1,1,0
2025,17,1,1,0,0,0
84076,15,0,0,0,1,0
26115,19,0,0,0,1,0
33420,18,0,0,1,1,0
64981,9,1,1,1,0,1
90927,16,0,0,1,0,0
26389,12,1,0,1,1,0
3489,12,1,0,0,1,0
25783,6,1,0,1,1,0
13729,9,0,1,1,1,0
61650,1,1,1,0,0,0
24926,3,1,0,0,1,0
26730,5,0,0,1,1,0
98862,23,1,1,1,0,1
46263,17,1,1,0,0,0
98611,22,0,1,1,1,0
66535,5,0,0,0,1,0
11753,22,1,1,0,0,0
28061,16,0,0,1,0,0
82041,13,0,1,0,1,0
74237,23,0,1,1,0,0
33762,10,1,0,1,0,0
98918,18,1,1,1,1,1
56546,1,0,0,1,1,0
21388,2,1,1,0,0,0
95181,10,0,0,1,1,0
36977,5,0,1,1,1,0
15413,13,0,1,0,1,0
80985,18,0,0,1,1,0
72815,15,0,0,1,1,0
10426,20,1,0,1,0,0
1660,21,1,0,1,0,0
79248,23,1,1,0,1,0
83286,6,1,1,0,1,0
26845,7,0,1,1,1,0
31990,18,0,1,0,0,0
20122,19,1,1,0,0,0
52679,15,1,1,0,0,0
70416,21,0,0,0,0,0
83947,6,0,1,1,1,0
28480,8,0,1,0,1,0
2456,12,1,0,1,0,0
70426,0,0,1,1,0,0
92547,7,0,1,0,1,0
89999,23,1,1,1,1,1
20149,21,1,0,0,1,0
75817,3,1,0,1,1,1
16182,2,0,1,1,1,0
761,2,0,0,0,0,0
37512,21,1,1,1,1,0
3020,12,0,1,0,0,0
91294,7,0,1,1,0,0
60415,6,0,0,1,1,0
79661,0,1,1,0,0,0
9046,15,1,1,0,0,0
94342,5,0,1,0,1,0
45600,6,0,1,1,0,0
16409,11,0,1,0,1,0
55330,22,0,0,0,1,0
98756,8,1,1,0,0,0
30127,10,1,0,0,1,0
72641,9,0,1,1,1,0
59421,20,0,0,1,0,0
1056,0,1,1,1,1,0
74231,17,0,1,1,0,0
48008,3,1,0,1,0,0
78439,4,0,0,1,1,0
26063,8,1,1,0,0,0
39543,16,0,0,1,1,0
99359,2,0,0,0,0,0
39163,15,1,1,0,1,0
80918,4,1,1,0,1,0
4803,15,0,1,0,0,0
65228,2,0,1,1,0,0
72199,19,1,1,1,1,1
25949,14,1,0,1,1,0
31960,2,0,1,0,0,0
31685,19,0,0,1,1,0
22115,13,1,1,1,1,0
77639,15,1,1,1,0,1
43685,16,1,0,1,0,0
27058,23,1,1,1,1,0
26117,19,1,0,1,0,0
76807,22,0,0,0,0,0
45450,17,0,0,0,1,0
12301,17,1,1,1,0,0
29526,21,0,1,0,0,0
17878,13,0,1,0,1,0
45341,17,1,1,1,0,0
42329,14,0,1,0,1,0
86752,14,0,1,1,0,0
48464,5,0,0,0,0,0
98933,14,1,1,1,1,1
84978,17,1,1,0,0,0
57156,3,0,1,0,0,0
27590,22,0,1,0,0,0
20075,7,0,0,0,0,0
26823,14,0,0,1,0,0
23379,2,0,0,0,0,0
78401,14,0,0,1,1,0
11661,12,1,0,1,0,0
66161,8,0,1,0,0,0
88497,1,0,0,0,1,0
49253,23,1,0,1,1,0
33242,7,0,1,0,1,0
27016,19,0,1,1,0,0
64424,16,0,0,0,1,0
45065,12,0,1,1,1,0
4748,0,1,1,0,0,0
35233,1,0,0,0,1,0
50777,14,1,1,1,0,1
96159,11,0,0,1,0,0
94688,13,0,0,1,0,0
98417,1,1,1,0,0,0
70235,17,0,0,0,0,0
35146,21,1,0,0,1,0
47164,6,1,1,0,0,0
69450,22,1,1,1,1,1
45993,5,0,1,1,0,0
61372,13,0,1,0,1,0
92252,7,0,0,0,0,0
67749,21,0,1,0,0,0
64774,1,1,1,1,0,1
13860,16,0,0,1,1,0
22027,4,0,0,0,1,0
86575,13,1,0,1,1,1
61467,23,1,0,0,0,0
98055,19,0,1,0,0,0
12688,20,1,1,1,1,0
52333,20,1,0,1,0,1
44838,21,1,0,1,1,0
33497,2,1,0,1,0,0
82289,4,1,0,0,1,0
76467,15,0,1,1,1,0
71360,17,0,0,1,0,0
76719,16,0,1,1,1,0
19916,10,0,0,1,0,0
42340,16,0,1,0,0,0
6376,15,0,1,0,0,0
79630,22,0,1,1,1,0
23599,1,1,1,1,1,0
88676,3,0,0,0,1,0
82595,20,0,1,0,0,0
71735,6,0,0,1,0,0
85212,1,1,1,0,1,0
36046,5,0,1,0,0,0
55304,16,0,0,0,0,0
51986,6,1,0,0,1,0
71752,4,0,1,1,1,0
15663,4,0,1,0,0,0
92424,19,1,0,0,0,0
92564,15,0,1,1,1,0
9947,18,1,0,1,1,0
26255,8,0,0,1,0,0
79771,4,0,0,0,0,0
83410,7,0,1,1,0,0
67378,8,1,1,0,1,0
18409,4,1,0,1,0,0
719,9,1,0,0,0,0
83294,1,0,0,1,0,0
50208,8,0,0,1,0,0
34807,10,1,1,0,0,0
20437,3,1,0,1,0,0
81637,21,0,1,1,1,0
66604,21,0,0,1,1,0
47714,21,0,1,1,1,0
91528,1,0,1,1,0,0
91255,22,1,1,0,1,0
381,5,0,1,0,0,0
27520,13,0,1,1,0,0
80996,0,0,0,1,0,0
39130,17,0,0,0,0,0
1158,6,0,1,0,0,0
86313,0,0,0,1,1,0
76360,0,0,0,0,1,0
28504,0,1,0,1,1,0
29956,23,1,0,1,0,0
9300,3,1,0,1,1,0
64278,3,0,0,1,0,0
34097,17,1,0,0,1,0
25711,10,0,1,0,1,0
41335,0,0,0,0,1,0
35157,9,0,0,1,1,0
1339,8,0,0,0,1,0
65761,22,1,1,1,1,1
45372,3,0,1,1,0,0
89493,5,0,0,0,0,0
61312,15,1,1,1,0,1
15498,1,1,1,1,0,0
56603,22,1,0,1,0,1
6738,17,0,1,0,1,0
6670,9,1,0,1,0,0
68885,23,0,1,0,0,0
9210,23,0,0,1,0,0
79241,16,1,1,0,0,0
12215,12,1,0,1,0,0
39162,23,1,0,0,0,0
23011,17,0,1,0,0,0
32656,21,0,0,1,0,0
78231,12,0,0,1,0,0
2069,16,0,1,1,1,0
43853,4,0,0,1,0,0
82911,10,0,0,0,0,0
4570,6,1,1,1,1,0
10325,9,0,0,0,1,0
23296,16,1,1,1,0,0
13769,14,1,0,0,0,0
37480,17,1,1,0,0,0
48420,22,1,1,0,1,0
47514,21,1,0,1,0,0
15677,18,0,1,1,1,0
88109,1,0,0,0,1,0
55509,3,0,0,0,1,0
28725,2,0,1,0,1,0
81140,6,1,0,0,1,0
24189,23,1,0,0,0,0
36587,17,1,1,1,0,0
65938,9,0,0,0,1,0
97099,6,0,0,1,1,0
94895,7,0,1,1,1,0
50238,5,0,0,1,1,0
42923,21,1,0,0,0,0
37308,0,1,1,0,1,0
54161,3,0,0,0,1,0
30759,13,0,0,0,0,0
31990,16,1,1,1,0,0
79234,19,1,0,1,0,1
47155,17,1,0,1,0,0
19608,10,1,1,0,1,0
42387,20,0,1,0,1,0
79016,13,1,0,0,1,0
27084,8,1,0,0,1,0
8225,14,1,1,0,1,0
36159,11,1,0,0,1,0
69669,9,0,0,1,1,0
17187,18,0,0,1,1,0
5804,23,0,1,0,1,0
60676,18,0,0,1,0,0
73484,5,0,0,1,1,0
87228,19,0,1,1,0,0
72560,23,1,1,1,0,1
27308,5,1,1,0,0,0
85250,7,1,0,1,0,1
66124,0,1,0,0,1,0
39982,21,0,1,0,0,0
26023,16,1,0,1,0,0
29265,16,0,0,0,1,0
67303,23,1,0,1,0,1
91849,14,1,0,0,1,0
4214,6,1,1,0,1,0
65065,18,0,1,1,1,0
36421,21,1,0,1,1,0
73397,22,0,1,0,0,0
96752,2,0,0,1,1,0
99404,21,1,0,0,0,0
25526,10,0,1,1,0,0
17872,19,0,1,0,1,0
3812,18,1,0,0,0,0
1467,8,1,0,0,1,0
91836,9,1,0,0,0,0
52024,1,1,0,0,0,0
3826,0,1,1,1,0,0
89252,15,1,1,0,0,0
27823,17,0,0,1,1,0
9208,22,1,0,1,1,0
77814,16,1,1,0,0,0
35743,5,0,0,0,0,0
31424,13,1,1,1,0,0
83460,22,0,0,0,0,0
9027,14,1,1,0,1,0
93780,13,1,0,1,0,1
96646,23,0,0,1,0,0
22543,21,1,0,1,0,0
80073,2,0,1,1,1,0
63549,23,1,1,1,0,1
76843,22,1,0,1,1,1
60333,18,0,0,0,1,0
25637,11,1,0,1,0,0
77676,1,1,0,1,0,1
22712,2,0,1,0,0,0
94077,17,1,1,0,1,0
6571,0,0,1,0,1,0
35731,19,1,0,0,0,0
92159,20,0,0,0,1,0
31448,5,1,1,0,0,0
64832,4,0,0,1,0,0
1277,0,0,1,0,0,0
4860,18,1,1,0,0,0
32879,0,1,1,0,0,0
21736,20,0,1,0,0,0
81989,20,1,0,1,1,1
53651,15,0,1,0,1,0
11656,11,1,0,0,1,0
27698,21,1,1,1,0,0
11663,7,0,1,1,0,0
46919,15,0,1,1,0,0
73870,0,1,1,0,1,0
91155,3,1,0,1,0,1
27066,9,1,0,1,1,0
81809,10,1,0,1,0,1
59989,16,1,0,0,1,0
27087,22,0,1,0,0,0
78814,6,1,0,1,0,1
58448,11,1,0,0,1,0
24696,20,0,1,0,1,0
33274,6,0,0,0,1,0
64206,11,0,0,0,0,0
70067,14,1,0,0,1,0
59282,1,0,0,1,1,0
93400,13,0,1,1,0,0
87263,12,0,1,1,0,0
39410,3,0,0,1,1,0
56188,13,1,1,0,0,0
9006,13,1,0,1,1,0
37014,15,1,0,1,1,0
45479,6,0,0,0,1,0
78712,18,0,1,0,0,0
37750,1,0,1,0,1,0
46981,9,0,1,0,1,0
46513,17,0,1,1,0,0
6112,16,0,1,0,1,0
50215,4,1,1,0,1,0
7251,11,1,0,0,1,0
57816,5,0,1,0,0,0
93847,21,1,0,0,1,0
92753,8,0,0,0,0,0
36478,19,0,1,1,0,0
42752,0,1,0,1,1,0
72530,21,0,0,1,1,0
13567,14,1,0,0,0,0
31110,20,0,1,0,1,0
54791,5,0,1,1,1,0
64257,18,1,0,1,0,1
12389,17,0,1,1,1,0
45076,5,0,0,1,1,0
43696,12,0,1,0,0,0
23271,0,1,0,1,1,0
86465,22,0,0,0,0,0
99690,22,0,1,0,0,0
44239,12,0,1,0,1,0
48813,6,1,1,1,0,0
29834,14,1,1,1,1,0
72688,11,1,1,1,1,1
63746,0,1,0,0,0,0
3754,14,1,0,0,0,0
89122,3,0,0,1,0,0
18843,12,1,1,0,0,0
48468,22,1,1,1,0,0
90125,4,0,0,0,0,0
74272,1,1,0,0,1,0
6541,22,0,0,0,1,0
24711,0,1,0,0,0,0
12249,15,0,1,0,1,0
59289,22,0,0,0,0,0
21775,5,1,1,0,0,0
71131,22,1,0,1,1,1
42768,15,0,1,0,1,0
13773,13,0,1,0,0,0
76766,2,0,1,1,0,0
88304,14,0,1,1,0,0
80858,2,0,0,1,1,0
65529,22,0,0,1,0,0
23769,1,0,0,0,0,0
34168,0,1,1,0,1,0
88889,8,0,0,1,1,0
9535,8,1,0,0,1,0
94188,22,1,0,1,0,1
52349,6,0,1,0,0,0
37484,2,0,1,0,1,0
82029,17,1,1,0,0,0
76253,10,0,0,0,0,0
75488,6,0,0,0,1,0
31501,8,1,0,1,1,0
71931,0,1,1,0,0,0
34184,13,1,0,0,1,0
55926,19,0,1,0,1,0
36551,5,0,1,0,0,0
7327,6,1,1,0,0,0
32010,9,0,1,1,0,0
36141,6,1,0,0,0,0
89020,1,0,0,1,0,0
65781,3,1,1,0,0,0
81671,20,0,0,0,1,0
65581,16,1,1,1,1,1
68676,0,0,0,0,1,0
64274,9,0,0,0,0,0
26260,18,1,1,1,0,0
17733,14,0,1,0,0,0
94980,9,0,1,1,0,0
17114,18,1,1,1,0,0
80632,11,0,0,1,1,0
49204,23,0,1,0,0,0
41721,15,0,0,0,1,0
77331,8,1,1,1,0,1
68488,14,1,0,0,1,0
16114,16,1,1,1,1,0
92678,13,1,0,0,1,0
33855,17,1,0,1,1,0
40490,1,0,0,0,1,0
23811,3,0,1,1,1,0
91758,17,1,1,0,1,0
58093,6,0,1,1,0,0
74796,12,0,1,0,0,0
27313,14,0,0,1,1,0
57884,22,0,0,0,0,0
7521,21,1,0,0,0,0
87036,0,1,1,1,1,1
99173,10,0,0,0,0,0
17827,9,0,0,0,1,0
4458,4,1,1,0,0,0
65208,15,0,1,0,1,0
94118,10,0,0,1,0,0
32217,20,0,1,0,1,0
88800,5,1,1,0,0,0
32010,8,1,1,1,0,0
98132,12,0,1,0,0,0
55854,23,0,0,1,1,0
62538,7,0,0,0,1,0
29471,13,0,0,1,0,0
51601,23,0,0,0,0,0
61046,0,0,0,1,1,0
38567,16,1,1,1,0,0
17725,23,1,0,1,0,0
33993,4,0,0,0,1,0
76429,1,1,1,1,1,1
31107,23,0,1,0,0,0
91402,8,0,1,1,1,0
39632,3,1,0,1,0,0
54353,16,1,1,1,0,1
12423,16,0,1,0,1,0
73479,20,0,1,0,0,0
14310,17,1,0,1,1,0
16556,15,1,1,1,1,0
31467,7,0,1,1,0,0
54724,10,0,0,1,1,0
10206,20,0,1,1,0,0
68108,20,1,0,1,1,1
72340,17,0,0,1,0,0
64415,22,1,1,1,1,1
69349,23,0,0,0,0,0
70687,9,1,1,1,0,1
10856,12,1,1,0,1,0
68111,16,1,1,1,0,1
36478,17,1,1,0,0,0
4355,9,0,0,0,0,0
14584,15,1,1,1,0,0
56649,19,1,1,0,0,0
34603,4,1,1,0,0,0
73894,12,0,0,1,1,0
45213,17,0,0,1,1,0
74169,16,0,1,1,1,0
98217,8,0,0,0,1,0
5349,13,0,0,1,0,0
19301,16,0,1,0,0,0
58676,3,1,1,1,1,1
9786,17,1,1,1,0,0
53463,19,1,1,0,1,0
97643,23,0,1,0,0,0
761,23,1,0,0,0,0
44943,14,1,1,1,1,0
95773,10,0,1,1,0,0
61063,11,1,1,1,1,1
42928,8,0,1,0,1,0
48704,12,1,1,0,1,0
10626,14,0,0,0,0,0
69010,14,0,1,0,0,0
25692,4,0,0,1,1,0
29082,22,1,1,0,0,0
307,18,1,1,0,1,0
88833,19,0,1,1,1,0
99036,13,0,0,1,0,0
68719,16,1,1,0,1,0
29428,17,1,1,0,0,0
46579,20,0,1,0,0,0
20203,2,1,1,0,0,0
39991,1,1,1,0,1,0
10854,0,1,1,0,1,0
81537,9,0,1,1,0,0
98640,18,0,0,1,0,0
73082,16,1,1,1,1,1
56022,11,0,1,1,0,0
48331,0,1,1,0,0,0
29401,11,1,0,0,1,0
91752,16,0,0,0,1,0
62811,23,0,1,0,1,0
41423,2,0,0,1,0,0
18852,10,1,1,0,1,0
98012,16,1,1,0,1,0
82305,22,0,0,0,1,0
98552,2,0,1,0,1,0
13495,7,0,0,1,1,0
86057,19,1,0,0,1,0
56373,3,1,0,1,1,1
91978,20,1,1,0,0,0
4995,21,0,1,0,1,0
76659,6,0,1,0,0,0
10799,13,1,1,1,0,0
65161,13,0,1,0,1,0
9815,3,0,1,0,0,0
19269,15,0,1,0,1,0
16263,23,0,0,1,0,0
5882,21,1,1,1,1,0
88277,0,0,1,0,0,0
84428,16,1,1,1,1,1
35685,9,1,0,0,1,0
30782,21,0,0,0,0,0
47964,15,1,0,1,0,0
84516,15,1,1,0,1,0
55214,7,0,0,0,0,0
38167,6,1,0,1,1,0
42785,5,1,1,1,0,0
18173,15,1,1,1,1,0
36135,19,1,1,1,0,0
65077,15,1,0,0,1,0
90473,6,1,1,0,0,0
83462,8,1,1,0,1,0
90617,13,1,1,0,0,0
65550,10,0,1,0,1,0
10482,13,0,1,0,0,0
4537,6,0,1,0,0,0
71071,0,1,0,0,1,0
64712,12,1,1,1,0,1
90455,19,1,0,0,0,0
62029,2,0,0,0,1,0
97618,19,0,1,0,1,0
98964,3,0,0,0,1,0
12429,10,1,0,0,1,0
25269,1,0,0,1,0,0
87568,13,0,1,1,0,0
34694,11,1,0,1,0,0
77057,16,0,0,0,1,0
60731,11,1,0,0,0,0
45133,11,0,0,0,0,0
63233,0,1,1,0,1,0
73265,12,1,1,1,0,1
73961,13,1,0,1,0,1
52390,23,1,1,0,1,0
94131,1,1,1,0,0,0
31850,11,0,0,1,1,0
95255,20,1,1,1,1,1
40561,15,1,1,1,0,0
73900,3,1,0,1,0,1
78322,7,1,0,1,0,1
24326,1,0,1,1,1,0
6821,9,1,1,1,1,0
56254,8,0,1,0,0,0
20709,22,1,1,0,0,0
52230,14,1,0,1,1,1
73009,12,0,0,0,0,0
55349,22,0,0,1,0,0
48995,16,0,0,0,1,0
94573,15,1,0,1,0,1
5756,1,0,1,0,0,0
74620,19,1,1,1,0,1
63840,19,0,0,0,0,0
64409,13,0,0,0,1,0
30084,2,1,0,1,1,0
73922,22,0,1,1,1,0
6001,11,0,1,1,1,0
31652,7,1,1,0,0,0
91345,1,1,0,0,0,0
31155,3,1,0,0,0,0
37785,13,0,0,0,0,0
74065,15,0,0,1,1,0
14816,18,0,0,1,0,0
11238,1,0,1,0,0,0
35398,11,0,0,1,1,0
51212,13,1,1,1,1,1
23529,5,0,1,1,1,0
50300,12,1,1,1,0,1
71408,3,0,1,0,1,0
48344,21,1,1,1,0,0
17447,17,0,0,1,0,0
17020,11,0,0,1,1,0
31922,19,1,0,0,1,0
46759,21,0,1,1,1,0
40208,20,1,1,0,0,0
89199,18,0,1,0,0,0
8067,7,0,1,1,0,0
11971,6,1,1,1,1,0
94399,15,0,1,0,0,0
77552,18,1,0,0,0,0
74370,5,0,1,0,0,0
33713,19,0,1,0,0,0
28279,20,0,0,1,1,0
52288,10,0,1,0,0,0
55199,4,0,0,1,1,0
35362,15,0,0,1,1,0
78313,6,0,0,0,0,0
18368,4,1,1,1,0,0
77966,10,0,0,0,1,0
86369,14,0,0,0,0,0
60645,2,0,1,0,1,0
92922,4,1,0,1,0,1
72246,22,1,1,1,0,1
72066,20,0,1,0,1,0
40022,4,0,0,1,0,0
79464,8,0,1,1,1,0
43013,14,1,1,1,1,0
97133,2,0,0,1,0,0
55777,5,1,0,1,1,1
49941,16,0,0,0,0,0
46432,20,1,0,1,0,0
92162,7,1,1,1,0,1
95794,20,0,0,0,1,0
25132,10,0,0,1,0,0
37946,5,0,0,1,0,0
59574,7,0,1,1,1,0
45036,9,0,1,0,1,0
29894,23,0,1,1,1,0
61688,2,0,1,1,1,0
71084,22,1,1,0,0,0
50431,13,0,0,0,0,0
94497,22,0,1,1,0,0
28241,13,1,1,0,0,0
9174,9,0,1,0,1,0
6506,11,0,0,0,1,0
97459,5,0,0,1,0,0
23391,11,0,1,1,1,0
41668,22,1,0,0,1,0
97639,13,1,1,0,1,0
46951,1,0,0,0,1,0
54923,8,0,0,0,1,0
23412,9,1,1,1,0,0
43208,16,0,0,0,0,0
67018,16,1,1,1,1,1
34271,2,1,1,0,1,0
41879,18,1,1,1,0,0
68928,0,0,0,1,0,0
98823,11,0,0,0,1,0
12511,6,0,1,1,1,0
57109,3,1,1,1,1,1
15522,9,0,0,1,0,0
42568,12,0,1,0,1,0
32471,1,1,0,1,1,0
57122,9,0,0,1,1,0
71329,20,0,0,0,1,0
99171,21,0,1,0,1,0
51296,3,1,1,1,1,1
80454,17,0,0,1,1,0
96874,4,1,1,0,1,0
96510,18,1,1,0,0,0
26815,1,1,0,1,0,0
27705,11,0,0,1,0,0
99953,16,0,1,0,1,0
31274,9,0,0,0,0,0
10056,1,1,1,1,0,0
76473,5,1,0,1,0,1
69352,7,0,0,0,0,0
62049,18,1,1,1,0,1
62746,10,0,1,1,1,0
70117,11,0,1,1,0,0
63137,8,0,1,1,1,0
89918,1,0,1,0,1,0
6648,7,0,0,0,0,0
73394,10,0,0,1,1,0
23277,20,0,1,1,0,0
24122,3,1,0,1,1,0
5642,9,0,1,1,1,0
91112,20,1,0,0,0,0
96420,19,1,0,1,1,1
60528,15,0,1,1,1,0
22840,7,1,1,0,1,0
59453,3,1,1,0,1,0
90453,9,1,0,1,1,1
56632,11,0,1,0,1,0
16152,13,0,1,0,1,0
47176,15,0,1,1,1,0
53520,21,0,1,1,0,0
771,17,0,1,0,1,0
263,20,1,1,1,0,0
41524,21,1,0,0,0,0
53844,20,0,0,0,1,0
70431,11,1,0,0,1,0
10734,17,1,0,1,0,0
4898,6,1,1,1,0,0
22520,19,1,1,0,0,0
29400,23,0,0,0,1,0
89981,22,0,0,1,1,0
10849,6,0,0,0,1,0
25221,8,1,1,0,0,0
37587,0,1,1,1,1,0
94047,5,0,1,1,1,0
33461,5,0,0,1,1,0
21323,21,1,0,1,1,0
73030,11,0,0,0,0,0
14156,21,0,0,1,1,0
28480,11,1,0,1,1,0
26135,9,1,1,0,0,0
30720,22,0,1,0,1,0
19977,5,1,1,0,0,0
55416,16,0,1,1,0,0
64141,18,1,1,0,1,0
53452,17,1,0,1,0,1
31011,5,0,1,0,1,0
32884,23,1,0,1,0,0
3291,18,0,1,0,0,0
33260,9,1,0,1,1,0
90636,23,0,0,1,0,0
64741,7,1,0,0,1,0
49823,20,1,0,0,1,0
3731,23,0,0,1,1,0
6272,5,1,0,0,1,0
42180,20,0,1,1,0,0
89197,6,1,0,1,1,1
90453,23,1,0,1,0,1
20381,0,0,1,0,1,0
28771,17,1,0,1,0,0
51531,23,1,1,1,0,1
91000,19,0,1,1,0,0
93061,11,1,0,1,0,1
28702,15,0,0,0,1,0
88889,9,0,1,0,1,0
51499,9,0,0,1,0,0
23572,13,1,1,0,0,0
49330,19,1,0,0,1,0
73716,9,0,1,1,0,0
7199,9,1,0,0,0,0
25531,10,0,0,0,1,0
56592,22,1,1,0,0,0
96822,1,0,1,0,0,0
47784,19,0,1,0,1,0
30211,7,1,1,0,0,0
64036,22,0,0,1,1,0
22714,6,0,1,0,1,0
92360,7,1,1,1,1,1
42091,0,0,0,1,1,0
70576,20,0,0,1,0,0
61020,1,1,1,0,1,0
94394,17,0,0,0,1,0
63630,14,0,1,1,0,0
36324,0,0,0,1,1,0
7888,4,0,1,1,0,0
28182,1,0,0,0,1,0
89670,19,0,1,0,1,0
76916,2,0,1,0,1,0
83688,18,0,0,1,1,0
16631,17,1,0,0,0,0
88440,21,0,1,0,0,0
94539,17,0,1,1,0,0
44957,13,1,0,0,1,0
10242,23,0,0,1,1,0
48455,7,0,0,0,1,0
9966,11,0,0,1,0,0
70167,20,0,0,0,1,0
64127,9,0,0,1,0,0
58006,22,0,0,0,0,0
28238,19,1,0,1,0,0
92701,16,1,0,1,1,1
30056,10,1,1,0,1,0
76395,1,1,0,0,1,0
5539,3,1,0,1,1,0
47341,0,0,1,0,0,0
42633,14,0,1,1,0,0
28370,12,0,1,1,1,0
78915,7,0,1,0,1,0
39379,3,0,1,0,1,0
23988,9,1,1,0,0,0
17730,18,1,0,1,1,0
61163,17,0,1,1,0,0
35244,4,0,1,0,0,0
52261,18,0,1,1,0,0
96818,22,1,0,1,0,1
91174,21,1,1,0,0,0
77460,15,0,0,1,0,0
51079,0,1,1,1,0,1
97761,11,0,1,1,1,0
7079,23,1,0,0,1,0
26289,1,1,0,0,1,0
42700,20,0,1,1,0,0
59660,7,1,0,0,0,0
78140,17,1,0,1,1,1
61658,15,0,1,0,0,0
86305,4,1,1,1,0,1
7010,21,0,1,1,0,0
57813,12,1,0,1,0,1
46957,18,0,1,1,0,0
35064,2,0,1,0,0,0
85767,7,1,0,1,0,1
25327,11,1,0,1,0,0
6078,1,0,1,0,0,0
87627,10,1,0,0,0,0
17253,11,1,1,1,0,0
59865,17,1,0,1,0,1
99184,12,0,1,0,1,0
39171,4,0,0,1,0,0
69619,21,0,0,1,0,0
9603,11,1,0,1,1,0
60803,1,1,0,1,1,1
64479,4,0,1,1,1,0
95557,6,0,0,1,0,0
57966,23,1,1,1,0,1
17005,11,1,0,1,1,0
45938,15,1,0,1,1,0
58379,22,1,1,0,1,0
89589,7,0,0,0,0,0
26906,8,1,0,0,0,0
45100,14,1,1,1,1,0
22268,4,0,0,1,0,0
70219,12,0,1,1,0,0
38814,4,1,0,0,1,0
54193,10,0,0,0,1,0
55519,9,1,0,1,1,1
49245,19,1,1,0,0,0
77525,12,0,0,0,0,0
93049,8,0,0,1,0,0
77911,20,1,0,1,0,1
2561,13,0,0,0,0,0
14391,17,1,0,1,1,0
46904,14,1,0,0,0,0
77071,9,1,0,0,0,0
93571,23,0,0,0,1,0
65046,6,1,0,1,1,1
99089,7,1,1,0,1,0
84180,2,1,0,0,1,0
61432,14,0,1,1,0,0
77894,15,1,1,1,0,1
30941,3,1,1,0,1,0
48858,20,1,0,1,0,0
76372,5,0,1,1,1,0
37743,0,1,1,0,0,0
50508,3,1,1,1,0,1
44050,10,0,0,0,0,0
56949,11,0,1,1,1,0
28144,4,1,0,1,1,0
16097,22,1,1,0,0,0
79851,20,1,1,0,0,0
98705,15,0,0,1,1,0
24011,12,0,0,1,1,0
55633,12,1,1,1,0,1
82666,16,0,1,0,0,0
94970,6,1,1,1,1,1
14671,7,1,0,0,0,0
94563,12,0,0,1,1,0
58041,22,1,1,1,1,1
58105,15,0,1,1,0,0
86350,3,0,0,1,0,0
58812,7,1,0,1,0,1
43641,15,0,1,0,1,0
23487,20,1,0,0,1,0
94080,9,0,1,0,1,0
49008,11,1,0,1,0,0
85557,11,1,1,0,0,0
13157,4,1,1,0,1,0
64128,15,0,1,1,1,0
55831,0,1,0,1,0,1
24958,8,0,1,0,1,0
48789,11,0,1,0,0,0
44738,4,0,0,0,0,0
91698,21,0,1,0,1,0
46586,19,0,1,0,1,0
20667,21,1,1,0,1,0
29839,23,0,0,0,1,0
57904,2,1,0,1,1,1
3854,4,1,0,0,0,0
27144,1,0,0,1,1,0
67360,13,1,1,1,0,1
67012,1,1,0,1,1,1
8806,12,0,0,0,1,0
8994,6,1,0,0,1,0
18137,9,0,1,1,1,0
84086,12,0,1,0,1,0
82042,15,0,1,0,1,0
51712,13,1,0,1,0,1
29825,10,1,1,0,1,0
6026,9,1,1,1,1,0
9596,5,1,0,1,1,0
56547,3,0,1,1,1,0
29906,20,0,0,1,0,0
88299,0,1,0,0,0,0
41421,6,0,1,1,0,0
65195,23,1,0,0,0,0
22756,8,0,0,0,0,0
55247,7,0,0,0,0,0
91496,4,0,0,0,1,0
49766,18,0,0,1,1,0
82468,9,0,0,1,0,0
38887,10,1,1,1,1,0
63046,14,1,0,1,1,1
21827,5,0,0,1,1,0
95181,14,1,0,0,1,0
68156,4,0,0,1,1,0
3181,18,0,1,0,0,0
34296,21,0,1,0,0,0
36835,18,0,0,1,0,0
80202,9,1,1,0,0,0
79678,11,0,0,0,0,0
25598,21,1,0,1,0,0
76965,3,0,0,1,1,0
31756,17,0,0,1,0,0
67795,15,1,1,0,1,0
38000,7,0,1,1,1,0
84999,3,0,0,1,0,0
47801,22,1,0,0,0,0
19133,11,1,1,1,0,0
10905,1,1,1,0,1,0
35951,3,0,0,0,0,0
26932,4,0,1,1,0,0
63537,2,1,0,0,0,0
14044,8,1,1,0,1,0
19973,20,0,1,1,0,0
40472,17,0,1,1,0,0
89564,10,1,1,1,1,1
15479,2,1,0,0,1,0
36851,22,1,0,0,1,0
89922,1,1,1,1,0,1
5210,8,0,0,1,0,0
54441,13,0,1,1,1,0
12187,3,0,1,0,0,0
23862,8,0,0,1,1,0
82717,12,1,0,0,1,0
9696,17,0,0,1,1,0
18413,14,1,1,0,1,0
66649,9,0,0,0,1,0
23805,15,0,0,1,0,0
67464,11,0,0,0,0,0
73545,19,1,0,0,0,0
78745,4,0,1,1,0,0
2123,1,1,1,1,1,0
59896,9,1,1,0,0,0
80173,0,0,1,0,1,0
92297,6,1,1,0,1,0
64529,16,0,1,1,0,0
61727,15,1,1,0,0,0
33948,23,0,0,0,1,0
37904,2,1,1,1,0,0
15479,13,1,1,1,0,0
59764,9,0,1,1,0,0
27866,21,0,1,1,0,0
68199,6,0,0,1,1,0
36160,16,0,1,0,1,0
94833,5,1,1,0,0,0
69222,22,1,0,0,1,0
16187,21,1,1,1,1,0
48968,3,1,1,1,0,0
23325,16,0,1,1,0,0
95386,8,1,1,0,1,0
6743,3,0,1,1,1,0
93159,6,1,1,1,1,1
36827,22,0,1,1,0,0
11105,1,0,0,0,1,0
65797,16,0,0,1,1,0
16129,23,0,1,1,0,0
14326,7,0,0,0,1,0
63746,22,1,1,1,0,1
60703,14,0,0,1,0,0
28831,14,1,1,1,1,0
69026,7,1,0,0,0,0
6097,15,0,1,1,0,0
55606,18,1,0,1,1,1
78329,10,1,0,0,0,0
49915,1,1,1,0,1,0
42192,22,0,1,1,0,0
62639,23,0,0,0,0,0
66177,16,0,0,1,1,0
21917,15,0,1,0,1,0
37961,14,1,0,1,1,0
13528,12,1,1,1,0,0
44034,14,1,0,1,1,0
10358,3,1,0,0,0,0
57875,15,1,1,0,1,0
81680,11,1,1,1,0,1
95047,3,0,1,1,1,0
5569,2,1,0,1,0,0
28954,21,1,0,1,1,0
6356,16,1,0,0,0,0
76356,21,0,1,0,0,0
34037,17,1,0,1,0,0
99234,17,1,0,0,0,0
1751,22,0,1,0,1,0
50388,16,1,0,0,0,0
84830,11,0,0,1,1,0
25151,22,0,1,1,0,0
27486,20,1,1,0,1,0
75154,23,1,1,0,0,0
16284,3,0,1,1,0,0
33887,11,1,1,1,1,0
21721,22,1,1,1,1,0
75664,21,0,1,0,0,0
78084,20,0,1,0,1,0
59892,19,1,1,0,1,0
45353,14,0,0,1,1,0
34151,22,1,1,1,0,0
49911,15,1,1,1,1,0
30547,4,1,0,1,0,0
84030,20,1,1,1,1,1
30354,14,0,0,0,1,0
84145,16,1,0,0,0,0
57518,17,0,1,0,1,0
14572,4,1,0,1,1,0
3571,12,1,1,0,1,0
95904,18,0,1,1,1,0
8429,12,1,0,0,1,0
34965,17,0,0,0,1,0
46950,13,0,0,1,1,0
54320,3,1,1,0,0,0
93908,3,1,1,0,0,0
6497,19,1,0,0,0,0
98009,19,1,1,0,0,0
35625,18,0,1,0,0,0
53172,12,1,0,0,1,0
90206,11,1,0,0,0,0
83920,6,1,0,1,0,1
84630,11,1,0,0,1,0
23384,20,1,0,1,0,0
61430,3,0,0,0,1,0
83469,1,1,0,1,1,1
25222,1,0,0,1,0,0
70653,4,1,0,0,0,0
82006,22,1,0,1,1,1
94888,9,1,1,1,1,1
62912,9,0,1,0,0,0
8099,8,1,0,1,1,0
22536,12,0,1,0,0,0
43063,6,0,1,1,0,0
2196,4,1,1,1,0,0
25379,9,0,1,1,0,0
26301,9,1,1,1,1,0
19815,5,1,1,0,1,0
29409,18,0,0,0,0,0
15178,20,1,0,0,0,0
56714,7,1,1,0,1,0
5205,0,0,1,0,1,0
94948,16,0,0,1,1,0
2939,6,0,1,0,1,0
69020,13,0,1,1,1,0
43719,20,0,1,0,0,0
42921,20,0,1,0,0,0
13593,16,1,1,0,0,0
17169,8,0,0,0,0,0
7631,16,0,0,1,1,0
37151,4,1,1,0,1,0
7836,19,1,0,1,0,0
7810,7,0,1,1,0,0
67255,5,0,1,0,1,0
14075,10,1,1,1,0,0
62524,18,0,1,1,0,0
45703,3,0,1,0,1,0
23352,17,1,1,1,1,0
80897,0,0,1,0,1,0
1531,12,1,1,0,0,0
74703,13,0,1,1,1,0
37581,23,1,0,1,1,0
92673,0,1,1,1,0,1
9657,10,1,0,1,1,0
75071,16,0,0,1,0,0
262,3,1,1,1,0,0
34842,11,0,0,1,0,0
19775,9,1,1,0,0,0
74097,5,1,1,0,1,0
17115,0,1,1,0,0,0
50157,6,0,1,1,1,0
32691,20,0,0,1,1,0
93683,15,1,0,1,1,1
9933,23,0,1,0,1,0
7996,13,0,0,0,1,0
33072,22,0,0,0,0,0
49833,19,1,0,1,1,0
41900,19,0,1,0,0,0
96144,5,1,0,0,0,0
5447,21,1,0,1,0,0
59163,4,1,0,0,1,0
95950,23,0,1,0,1,0
2743,20,1,0,0,1,0
40885,17,0,0,1,1,0
18781,14,0,1,0,0,0
50126,5,1,0,1,1,1
15992,18,1,1,1,1,0
47399,0,1,1,0,0,0
17173,0,0,1,0,0,0
30782,12,0,1,1,0,0
97898,2,1,1,1,0,1
96994,9,1,1,1,0,1
14389,20,0,0,1,0,0
8027,2,0,1,1,0,0
48430,8,1,0,0,1,0
66807,7,0,0,1,1,0
77554,2,0,1,0,0,0
65528,12,0,0,1,0,0
50701,5,0,0,0,1,0
77565,12,0,0,1,0,0
2639,22,0,1,0,0,0
22769,19,1,0,0,0,0
71068,19,0,0,1,0,0
20744,11,1,1,1,0,0
18845,12,1,0,0,1,0
28328,1,0,0,0,0,0
34621,20,1,0,0,0,0
97339,23,1,1,1,0,1
27028,22,1,0,1,1,0
18422,15,0,0,1,1,0
57814,22,1,1,1,0,1
87996,5,0,1,0,0,0
62392,18,1,1,1,0,1
29155,20,1,0,1,0,0
42991,12,1,1,1,1,0
82012,16,1,1,1,1,1
6688,22,0,1,1,0,0
90636,8,1,0,0,0,0
6404,16,1,1,1,1,0
7445,1,0,1,0,1,0
29400,18,0,1,1,0,0
24359,18,0,1,1,0,0
91106,23,1,1,1,0,1
88653,6,0,0,1,1,0
15452,21,0,0,0,1,0
33465,9,0,1,0,1,0
19546,9,0,1,1,1,0
2436,19,0,1,0,0,0
62132,8,0,0,0,1,0
75515,16,1,0,1,1,1
97952,14,0,0,0,1,0
98976,1,1,0,0,0,0
7621,3,0,1,1,1,0
71807,18,0,1,1,1,0
23581,16,0,1,0,1,0
18574,4,1,1,1,0,0
46860,6,0,0,1,1,0
55818,17,0,1,1,0,0
44729,20,0,0,0,0,0
45332,21,0,0,1,1,0
86644,6,1,1,1,0,1
67269,16,1,0,0,1,0
50769,6,1,0,0,0,0
78121,3,1,1,0,0,0
69284,7,1,0,0,1,0
48045,12,0,0,0,1,0
13240,3,0,1,1,0,0
83557,5,0,0,0,0,0
14457,4,1,0,1,0,0
68773,11,0,1,0,0,0
65733,3,1,0,1,1,1
77043,23,0,1,1,0,0
96211,8,1,0,0,0,0
78358,3,0,0,0,1,0
13024,18,0,1,0,0,0
69386,23,0,1,0,1,0
93369,13,0,0,0,1,0
74171,4,1,1,0,1,0
57426,17,0,0,1,0,0
90123,9,0,1,1,1,0
30751,18,0,0,1,1,0
70302,11,1,0,1,1,1
48877,17,0,0,1,0,0
17094,16,0,0,0,0,0
67363,23,0,0,0,0,0
59734,10,0,1,1,0,0
10900,2,0,1,1,1,0
37923,22,1,0,0,1,0
63978,16,1,0,0,1,0
18808,0,1,1,0,0,0
12919,14,0,1,0,1,0
75005,8,1,1,1,0,1
63970,14,0,1,1,0,0
9383,23,0,1,0,0,0
30673,2,0,0,0,1,0
78807,21,0,0,1,1,0
31033,18,1,1,1,0,0
5874,12,1,1,1,1,0
72155,11,1,1,0,0,0
11083,19,0,1,1,1,0
96568,0,1,1,0,0,0
96434,20,1,1,0,0,0
18233,16,0,1,0,0,0
15039,12,1,1,1,1,0
881,0,0,1,1,1,0
56800,9,1,0,0,1,0
27724,14,1,1,1,1,0
6923,6,1,1,0,1,0
18589,21,0,0,1,0,0
40061,17,1,0,0,1,0
29218,15,1,0,0,0,0
81916,13,1,1,1,1,1
22363,17,1,1,1,1,0
13665,6,0,1,0,1,0
20454,16,0,1,1,0,0
43051,17,1,0,0,1,0
91279,11,1,1,0,0,0
23748,7,1,1,0,1,0
50829,21,0,0,0,0,0
42071,1,1,1,0,0,0
18758,6,1,1,0,0,0
21353,3,0,1,0,0,0
64266,17,0,1,0,1,0
48663,5,0,0,1,1,0
26490,8,1,0,1,0,0
88764,8,0,0,0,1,0
51678,13,0,0,0,0,0
79125,7,1,1,0,1,0
32758,18,0,1,1,1,0
6952,2,1,1,0,1,0
95086,17,1,0,0,0,0
2651,4,0,0,0,1,0
72047,13,1,0,1,0,1
61101,3,0,1,1,1,0
49259,6,0,1,1,0,0
51807,19,0,0,0,1,0
33343,11,1,0,0,0,0
21900,1,0,1,1,0,0
76039,10,1,1,0,0,0
57928,13,1,1,1,1,1
7339,21,1,0,1,0,0
6810,22,0,0,0,1,0
21484,15,1,0,0,0,0
21138,19,1,0,0,0,0
40946,5,0,1,0,0,0
88083,22,0,1,1,1,0
67921,3,1,1,1,1,1
38091,14,1,0,1,1,0
79157,23,0,1,1,1,0
7071,0,1,1,1,1,0
29239,6,1,1,1,1,0
85545,11,1,1,0,1,0
77167,9,1,1,1,0,1
80357,4,0,0,0,0,0
84842,11,1,1,0,1,0
37811,17,0,1,1,1,0
6630,9,1,0,1,1,0
11216,5,0,0,0,1,0
65894,11,1,1,0,1,0
382,6,0,1,1,0,0
79573,17,1,1,1,1,1
1998,1,0,1,0,1,0
4235,9,1,0,1,1,0
6729,14,1,1,1,0,0
85220,11,0,0,1,0,0
89187,16,0,1,1,0,0
65131,3,0,1,1,0,0
33480,6,0,1,0,1,0
17171,8,0,0,1,0,0
20174,18,1,1,1,0,0
90824,22,0,1,0,0,0
67943,6,0,0,0,0,0
40001,22,1,1,1,0,0
11305,1,0,0,1,1,0
55761,5,0,1,0,0,0
6006,17,0,0,1,0,0
2691,5,1,0,1,0,0
63087,12,0,0,1,1,0
63470,18,1,1,0,1,0
80785,1,1,0,1,1,1
54500,11,0,0,1,1,0
25250,14,1,1,0,1,0
31952,13,0,0,1,1,0
42970,5,0,1,1,1,0
52856,17,0,1,1,1,0
56581,4,0,0,1,0,0
1383,17,0,0,0,0,0
33791,2,1,1,0,1,0
1225,2,1,0,1,0,0
67165,21,1,0,1,1,1
26270,21,1,0,1,0,0
8538,9,0,0,1,0,0
20195,18,0,1,0,1,0
16254,2,1,1,0,0,0
8104,11,0,0,0,1,0
9852,15,1,1,1,1,0
55526,16,1,0,1,0,1
26919,6,1,0,1,1,0
92151,12,1,0,0,0,0
24317,23,0,0,0,0,0
88808,1,0,1,0,1,0
33094,3,1,0,0,1,0
15136,9,1,1,0,1,0
77375,6,1,0,1,1,1
97856,23,1,1,1,1,1
49516,16,1,1,1,0,0
9687,19,0,1,0,1,0
95765,5,1,1,1,0,1
745,18,1,0,1,1,0
31030,4,0,1,0,0,0
81935,9,0,0,0,0,0
30190,8,0,1,0,0,0
87589,12,0,1,1,0,0
52242,18,0,1,0,0,0
26575,20,0,0,1,1,0
18988,23,0,1,1,0,0
43832,5,0,0,0,1,0
81723,3,0,0,1,0,0
46405,23,1,0,0,1,0
46137,2,0,1,0,0,0
9446,2,1,1,1,0,0
687,3,1,1,1,1,0
12863,4,1,1,1,1,0
59265,7,1,1,0,0,0
69715,15,1,1,1,0,1
36216,21,1,1,0,1,0
85851,2,1,0,0,0,0
91453,23,1,1,1,0,1
90401,11,0,0,1,1,0
95748,7,1,0,1,0,1
25656,12,1,1,1,0,0
59142,3,1,1,0,1,0
18199,13,1,0,1,0,0
45196,13,0,0,0,1,0
72086,12,1,1,1,1,1
13330,5,0,0,1,0,0
29109,16,0,0,1,0,0
71069,3,1,0,0,1,0
33966,7,1,0,1,1,0
84346,16,0,1,0,0,0
77075,2,1,1,1,1,1
41955,16,1,0,1,0,0
81657,8,0,0,0,1,0
6516,1,0,0,0,1,0
72616,12,1,1,1,1,1
56015,19,1,1,1,0,1
18158,1,1,0,0,1,0
76737,19,0,0,1,1,0
40818,10,1,0,0,1,0
32702,21,0,1,1,1,0
74758,14,0,0,0,0,0
78212,10,1,0,0,1,0
58167,22,0,0,0,0,0
27616,2,1,0,0,1,0
88069,2,1,0,0,1,0
1189,11,0,1,1,0,0
37446,23,1,1,1,0,0
74763,4,0,1,1,1,0
10587,19,0,0,1,1,0
255,6,1,1,1,1,0
67594,6,1,0,1,0,1
76329,12,1,1,1,1,1
38647,8,1,1,1,0,0
28895,20,0,0,1,1,0
55396,12,0,0,0,0,0
21547,11,0,0,0,0,0
36698,12,1,1,1,0,0
41914,23,0,0,0,1,0
90851,9,0,1,1,1,0
75430,0,1,1,0,0,0
98845,7,1,1,0,0,0
88060,21,1,0,0,0,0
63378,15,0,0,1,1,0
55177,12,1,0,1,1,1
72006,2,0,1,1,1,0
9628,2,0,1,1,0,0
93912,23,0,0,0,1,0
50200,4,0,1,1,1,0
8279,10,0,1,0,1,0
48881,6,1,1,1,0,0
55367,20,0,0,0,1,0
82479,23,1,1,0,1,0
24052,9,0,1,0,1,0
53898,9,0,0,0,1,0
98796,19,1,0,1,1,1
51039,1,0,0,1,0,0
29616,2,0,0,0,0,0
56626,7,1,0,1,0,1
10549,10,1,0,1,0,0
50390,12,0,1,0,1,0
86761,6,0,1,1,1,0
73054,12,0,1,1,0,0
22846,1,1,1,1,0,0
68090,5,0,0,0,0,0
58910,8,1,1,1,1,1
83397,19,1,0,0,1,0
15323,1,0,0,0,1,0
72337,17,1,1,0,0,0
2697,15,0,1,1,0,0
65777,11,0,0,1,0,0
2759,6,1,0,1,1,0
86616,6,1,0,0,1,0
74667,16,1,0,1,0,1
15137,12,1,1,0,0,0
46838,10,1,0,1,1,0
71778,5,1,1,0,1,0
12209,22,0,0,1,0,0
22110,13,0,0,1,0,0
8887,5,0,0,1,1,0
8572,5,1,1,0,0,0
23483,1,1,0,0,0,0
61809,21,1,1,1,1,1
69885,19,0,1,0,0,0
34618,14,0,1,0,1,0
54009,16,1,0,0,0,0
18451,7,1,1,1,1,0
69724,4,1,1,1,0,1
53430,16,1,0,1,0,1
15382,19,0,0,0,0,0
84966,0,0,1,1,1,0
21878,21,0,1,0,0,0
24364,17,1,0,0,0,0
59775,14,0,1,1,1,0
5175,4,1,1,1,0,0
76048,6,1,1,1,1,1
48554,17,1,0,0,1,0
28465,5,0,1,0,1,0
72866,21,0,0,1,0,0
48300,20,1,0,0,1,0
11102,4,0,0,1,0,0
14047,18,1,1,1,1,0
79322,9,1,0,1,0,1
94940,14,1,1,1,1,1
78710,9,0,0,1,1,0
52242,15,0,1,1,0,0
56407,11,1,1,0,1,0
4593,17,0,1,0,0,0
50185,22,0,0,1,1,0
34328,0,0,1,1,0,0
79776,15,0,1,0,1,0
51975,21,1,0,0,1,0
31755,5,0,0,1,0,0
43572,2,1,1,1,1,0
49537,1,1,0,0,0,0
49516,1,0,0,1,0,0
59811,12,1,0,0,1,0
6916,8,1,1,1,1,0
77275,15,0,0,0,1,0
64407,4,1,1,1,0,1
46833,22,1,0,1,0,0
95128,20,0,0,1,1,0
11340,6,0,1,0,0,0
98334,12,0,0,1,1,0
92593,19,0,0,0,1,0
98444,23,0,0,0,1,0
71463,12,1,0,0,0,0
32862,6,1,1,0,0,0
8359,9,0,1,1,1,0
50239,14,0,1,1,0,0
14949,20,1,1,1,1,0
81868,5,0,1,0,1,0
89809,4,0,1,1,0,0
54969,22,1,1,0,1,0
63195,1,1,0,0,1,0
71010,20,1,1,0,1,0
86810,14,0,1,1,1,0
23667,15,1,1,0,1,0
35392,18,0,0,1,0,0
74913,8,1,1,1,0,1
97236,21,0,1,1,1,0
51731,18,0,1,0,0,0
9985,6,0,0,1,1,0
59759,3,1,1,0,1,0
54406,2,1,0,0,1,0
66414,23,1,0,0,1,0
65187,19,0,0,0,0,0
29265,10,1,0,1,0,0
59029,0,1,1,1,1,1
67128,5,0,0,1,0,0
96098,10,0,0,1,1,0
49912,0,1,1,0,0,0
50600,20,1,0,0,1,0
79251,6,1,0,0,1,0
58743,5,0,0,0,1,0
45000,13,1,0,1,0,0
43046,1,0,0,1,0,0
7951,3,0,0,0,1,0
16388,10,1,1,0,0,0
72792,14,1,1,0,0,0
67680,17,0,1,0,0,0
7468,0,0,1,1,0,0
85536,2,1,0,0,0,0
96236,2,1,0,1,0,1
46503,6,1,0,1,0,0
91270,0,0,1,0,0,0
9268,10,0,1,0,0,0
86597,5,1,0,1,0,1
49979,19,0,0,1,0,0
59971,2,0,1,0,0,0
89488,18,1,1,1,0,1
98746,1,0,1,0,1,0
32274,17,1,1,0,1,0
99851,11,1,0,1,0,1
92591,9,0,1,1,0,0
6681,4,0,1,0,0,0
71953,8,1,0,0,1,0
64146,1,0,0,1,1,0
49778,1,1,0,1,0,0
26749,5,0,1,1,0,0
88768,9,0,1,1,0,0
82425,17,0,1,0,0,0
14667,11,1,1,0,0,0
80504,3,0,0,0,1,0
90006,21,1,0,1,0,1
96119,20,1,1,1,1,1
62044,16,1,1,0,0,0
78102,14,0,1,1,0,0
28903,5,1,0,1,1,0
18330,15,1,1,1,1,0
17962,16,0,0,1,0,0
43455,2,1,1,1,1,0
31359,9,1,0,1,0,0
99175,4,0,0,0,1,0
87545,13,1,1,0,1,0
30895,20,0,0,0,0,0
8870,12,1,0,0,0,0
11193,5,1,1,1,1,0
46671,11,0,0,0,0,0
293,7,1,1,0,1,0
17669,4,1,0,0,1,0
11290,14,1,0,0,0,0
62924,15,0,0,1,1,0
42852,0,0,0,1,0,0
32427,15,0,1,0,0,0
42170,4,0,1,0,1,0
86025,2,0,1,1,0,0
40297,19,1,0,1,1,0
2361,14,0,0,0,1,0
94005,12,0,1,1,0,0
26612,23,0,1,1,0,0
6816,15,1,1,0,1,0
86895,22,1,1,1,0,1
29033,10,0,0,0,1,0
4478,20,1,1,0,1,0
40683,1,1,0,1,1,0
85471,21,1,1,1,1,1
29133,5,1,0,1,1,0
24100,5,0,1,1,0,0
75968,13,0,1,1,1,0
42704,10,1,0,1,1,0
68436,7,1,0,0,1,0
95174,7,1,1,1,1,1
95755,0,1,0,0,1,0
73969,20,0,1,1,1,0
5510,6,1,0,1,0,0
83475,5,0,1,1,0,0
56144,20,1,1,1,1,1
63415,7,0,1,1,1,0
96155,18,1,1,0,1,0
71444,21,0,1,0,0,0
6896,20,0,1,0,1,0
86816,23,0,1,1,1,0
54345,19,1,1,1,1,1
43156,7,0,0,1,1,0
17809,13,1,0,0,1,0
58657,17,0,0,0,1,0
17643,15,0,1,1,0,0
37518,8,1,1,0,1,0
94711,14,0,1,1,1,0
96138,9,1,0,1,1,1
16824,21,1,0,0,1,0
3928,15,1,0,0,1,0
17187,3,1,0,0,1,0
12705,19,0,0,0,1,0
31437,12,0,1,1,1,0
5582,21,1,0,1,1,0
65433,4,0,1,0,0,0
92641,21,0,1,0,0,0
88396,6,1,1,0,0,0
51052,22,0,0,0,1,0
5563,8,1,0,1,0,0
70548,7,0,1,1,0,0
4748,15,0,0,1,0,0
33723,5,1,0,1,0,0
59256,15,0,1,1,1,0
35734,5,0,1,1,0,0
44702,13,1,1,1,0,0
49434,20,0,1,0,1,0
68748,0,1,1,1,0,1
22154,8,0,0,0,1,0
70128,23,1,1,0,0,0
22307,12,1,0,0,0,0
80750,18,1,0,1,0,1
99921,16,1,1,1,1,1
81654,10,1,1,1,0,1
21486,7,0,0,1,0,0
83376,22,0,1,0,1,0
59618,4,1,0,1,0,1
52881,9,0,1,0,0,0
52880,6,1,1,1,0,1
61540,9,0,0,1,0,0
44299,3,0,0,0,0,0
61135,8,1,1,0,1,0
8310,13,1,1,0,1,0
44463,1,0,1,1,1,0
78379,8,0,0,1,0,0
60448,20,1,1,0,0,0
55384,0,0,1,1,0,0
72224,22,0,1,0,0,0
68947,9,1,1,1,0,1
22532,9,0,0,0,1,0
64189,19,1,0,0,1,0
55498,21,1,0,1,1,1
99391,2,1,1,0,0,0
3421,5,0,1,1,1,0
81448,5,0,1,1,1,0
37483,20,1,0,0,1,0
78782,1,1,0,0,1,0
79290,17,0,0,1,0,0
52993,22,0,0,1,0,0
35920,1,0,1,0,1,0
66362,11,1,0,0,1,0
3860,21,1,0,0,1,0
22290,4,0,1,1,1,0
67511,19,0,0,1,1,0
23477,6,0,1,1,1,0
46837,23,1,1,0,1,0
69669,15,1,1,0,1,0
38311,19,0,1,1,1,0
83009,0,0,1,1,0,0
3844,0,1,0,0,1,0
25095,16,1,0,1,0,0
17077,0,0,1,0,0,0
98038,20,0,0,0,1,0
34642,19,0,1,0,1,0
10751,12,1,0,1,0,0
99339,8,0,0,1,0,0
79031,14,1,0,0,1,0
95444,2,1,0,0,0,0
16815,13,0,0,1,1,0
44509,22,0,0,0,1,0
24406,10,1,0,1,0,0
19186,23,0,1,1,1,0
14476,21,1,1,1,0,0
61450,11,0,1,0,1,0
71525,12,0,0,0,1,0
36736,12,0,0,0,0,0
86220,0,0,1,0,0,0
51749,23,1,1,1,1,1
34710,9,1,0,0,1,0
10158,2,1,1,1,0,0
74737,23,0,1,0,1,0
78133,3,1,1,0,0,0
70294,15,1,1,0,0,0
77017,7,1,0,0,0,0
64300,15,0,1,0,1,0
46719,16,1,1,1,0,0
17254,18,0,1,0,1,0
19639,21,0,1,0,0,0
60158,14,1,0,0,1,0
62168,15,0,1,0,1,0
77413,14,1,1,0,0,0
30473,1,1,1,1,0,0
33254,10,1,1,0,0,0
6131,0,1,1,1,1,0
93633,14,1,0,0,1,0
72075,18,0,1,1,1,0
22885,3,1,1,0,0,0
79028,10,0,0,0,0,0
28769,4,1,1,1,0,0
94575,2,1,0,0,0,0
2382,12,1,1,1,0,0
34724,9,0,0,0,1,0
48538,10,0,0,1,0,0
90000,17,0,1,1,1,0
67634,1,0,0,1,0,0
31805,6,1,1,0,0,0
38344,8,1,0,1,0,0
75064,9,0,0,0,0,0
37537,17,0,1,1,0,0
77972,22,0,0,1,1,0
74978,6,1,1,1,0,1
73082,6,0,0,0,1,0
50683,2,0,0,0,1,0
38492,11,1,1,0,1,0
7561,6,0,1,1,1,0
10616,16,1,0,0,0,0
79385,0,1,1,0,0,0
17614,4,1,1,1,0,0
36368,15,1,0,1,0,0
90586,14,1,0,0,0,0
36888,1,0,1,0,1,0
75849,8,0,0,0,0,0
61149,6,1,1,1,0,1
62593,3,1,1,1,1,1
36127,19,0,1,1,0,0
93647,17,0,1,1,0,0
42949,20,1,1,1,1,0
17958,3,0,1,0,0,0
84262,12,0,0,0,1,0
79103,0,1,1,0,1,0
52495,23,0,0,1,0,0
39858,2,0,1,1,1,0
54412,15,0,0,0,0,0
68770,21,0,0,0,0,0
82379,3,1,0,0,0,0
15534,22,0,1,1,1,0
64147,15,1,0,1,1,1
47875,18,0,0,1,1,0
75869,0,1,1,1,1,1
66777,4,1,0,1,1,1
83655,18,0,0,0,1,0
86020,21,1,1,0,1,0
45834,23,1,0,1,1,0
88603,10,1,0,1,1,1
40703,12,1,1,0,1,0
76808,19,1,0,1,1,1
82026,4,0,0,1,0,0
68903,20,1,0,0,1,0
39432,3,1,0,1,0,0
91803,3,0,1,1,0,0
21412,3,0,1,0,0,0
93476,3,1,1,1,0,1
84626,19,0,1,1,1,0
44279,20,0,0,0,0,0
71542,17,0,1,0,0,0
40479,17,0,1,1,0,0
17397,15,0,0,0,1,0
2111,8,0,0,0,0,0
44114,17,1,0,1,0,0
11838,21,1,1,0,1,0
94433,1,0,0,1,1,0
47598,20,0,0,0,1,0
11220,3,1,0,0,1,0
8867,11,0,1,1,1,0
22952,6,1,1,1,1,0
79339,14,0,1,1,1,0
1029,6,1,1,0,1,0
77587,21,1,1,1,1,1
91675,20,0,1,1,0,0
95140,16,0,1,0,1,0
17538,15,0,0,0,0,0
48615,18,0,0,0,0,0
5844,8,1,0,1,1,0
83920,13,0,1,0,1,0
42517,16,1,1,0,1,0
7169,4,0,0,1,1,0
42459,1,1,0,0,0,0
19899,19,0,1,0,0,0
98846,15,0,1,1,1,0
93862,13,1,1,0,0,0
70288,13,0,1,1,1,0
89959,0,0,1,1,0,0
7697,2,0,1,1,0,0
47193,6,0,1,1,1,0
37326,14,0,1,1,1,0
72227,18,1,0,0,0,0
91469,19,0,1,1,1,0
77462,1,1,1,1,0,1
26517,18,0,1,1,1,0
18793,8,0,0,1,1,0
79774,18,1,0,0,1,0
53261,4,1,1,0,1,0
2269,17,1,0,0,1,0
84192,15,1,0,1,1,1
22152,3,1,0,0,1,0
71949,11,0,1,0,0,0
73951,6,1,1,1,1,1
8136,13,1,1,1,0,0
31878,22,0,1,0,1,0
27834,11,0,1,0,0,0
23273,2,1,1,0,1,0
30503,4,1,1,0,1,0
66421,16,1,0,1,0,1
71775,9,0,1,1,1,0
6444,9,1,1,1,1,0
18900,10,0,1,1,1,0
25472,16,0,1,1,1,0
61616,4,0,1,0,1,0
20638,12,0,1,1,0,0
64018,9,1,1,1,1,1
15073,8,0,1,0,0,0
71255,16,0,0,1,0,0
59600,0,1,0,0,0,0
36675,3,0,1,1,0,0
42361,3,1,1,1,0,0
27816,17,0,0,1,0,0
3336,8,1,1,0,0,0
15948,17,0,1,1,0,0
2452,13,0,0,0,1,0
2032,14,1,1,1,0,0
76549,5,0,1,1,1,0
8656,23,0,1,0,0,0
86936,9,1,0,0,0,0
5598,14,0,0,1,1,0
76218,3,0,1,0,0,0
50198,17,1,0,1,1,1
64486,17,1,0,1,0,1
9669,16,1,0,0,1,0
56982,11,1,1,0,1,0
70493,6,1,0,0,0,0
440,15,0,0,1,0,0
44049,10,1,0,0,0,0
82402,13,0,1,1,0,0
62543,2,1,0,0,1,0
91768,18,0,0,0,1,0
74127,17,0,1,0,1,0
238,9,1,0,0,1,0
458,5,0,0,0,1,0
75350,12,0,0,1,1,0
85476,9,1,1,0,1,0
30754,17,1,1,0,0,0
25979,19,1,0,1,0,0
81632,15,1,0,1,0,1
55878,5,0,0,1,0,0
37872,12,0,0,1,0,0
58578,3,0,0,0,0,0
64453,22,0,0,0,0,0
26862,13,0,1,1,0,0
13383,0,0,0,0,1,0
64022,19,1,0,1,0,1
39520,4,0,0,1,0,0
55668,7,0,1,0,0,0
85190,11,0,0,0,1,0
20319,1,1,1,1,0,0
57269,11,1,0,0,1,0
75065,4,1,0,1,1,1
46940,21,1,0,1,0,0
44795,4,0,0,1,1,0
84854,12,0,0,1,0,0
78088,8,0,0,0,0,0
58442,9,1,1,1,0,1
19051,0,0,0,1,1,0
1407,2,0,0,1,0,0
80488,17,0,0,0,0,0
90868,11,1,1,1,0,1
35528,2,1,0,1,1,0
92121,8,1,1,0,1,0
75874,1,0,0,1,1,0
39075,2,0,0,1,1,0
1240,13,0,1,1,0,0
24942,3,0,1,1,0,0
26521,18,1,0,0,1,0
1808,12,0,1,0,0,0
3730,6,1,1,0,1,0
19695,11,0,0,1,0,0
76121,2,1,0,0,0,0
28408,22,0,0,0,1,0
44889,22,0,1,1,1,0
55790,8,1,0,0,0,0
26186,1,1,0,0,1,0
16959,21,0,1,0,0,0
7784,8,0,1,1,0,0
91188,11,0,0,1,0,0
1307,11,1,1,0,0,0
46199,14,0,1,0,1,0
67596,1,1,1,1,0,1
66193,17,0,0,1,0,0
29789,12,0,0,1,0,0
48751,13,0,0,1,1,0
13993,4,0,1,0,0,0
97908,9,1,0,1,1,1
66518,11,1,0,0,1,0
60111,9,0,1,1,1,0
38735,23,0,1,1,1,0
56215,10,0,0,1,1,0
95171,1,1,1,1,1,1
78505,4,0,0,0,1,0
72802,6,1,0,0,0,0
78618,5,1,0,0,0,0
72905,21,1,1,1,1,1
59054,22,1,1,0,1,0
28164,2,0,0,1,1,0
79163,12,0,0,1,0,0
2554,2,1,0,0,1,0
20978,23,0,0,1,0,0
51198,20,0,1,1,0,0
62254,5,0,0,0,1,0
13091,10,1,0,1,0,0
68444,16,0,1,1,1,0
36693,9,0,0,0,1,0
36404,11,0,0,0,1,0
30486,16,0,0,1,0,0
55320,3,0,0,0,1,0
69438,1,0,0,1,0,0
94389,10,0,1,0,1,0
21183,6,0,1,1,1,0
18454,1,0,1,0,1,0
22290,17,0,1,0,1,0
6242,20,1,0,1,1,0
28498,3,0,1,0,0,0
52071,7,1,1,0,1,0
41962,19,0,1,1,1,0
98768,13,1,1,0,1,0
53510,11,1,1,0,0,0
19603,21,0,1,0,1,0
48556,20,1,1,1,1,0
82135,17,1,1,0,1,0
8116,10,1,0,1,1,0
2484,7,0,1,1,0,0
62420,1,1,0,0,1,0
15172,14,1,1,1,0,0
80118,8,0,1,1,0,0
40610,18,1,1,1,0,0
49033,19,1,0,1,0,0
21926,7,1,0,0,1,0
68126,18,0,1,0,1,0
25618,4,1,0,0,0,0
24145,10,0,1,1,0,0
50976,14,1,0,1,0,1
92546,7,1,0,0,1,0
90202,18,1,0,1,0,1
52019,22,1,1,0,0,0
99541,7,0,0,1,0,0
27203,18,1,0,0,0,0
36288,17,0,1,0,0,0
5945,9,1,0,0,1,0
86798,6,0,1,1,0,0
36774,8,1,1,0,1,0
19437,0,1,0,1,1,0
22413,18,0,1,1,1,0
27043,4,0,0,0,1,0
78049,18,0,0,0,1,0
376,0,0,1,1,0,0
51251,14,1,0,1,1,1
17711,15,0,0,0,1,0
12044,22,0,1,0,0,0
52987,6,0,1,1,1,0
81542,11,1,0,0,0,0
49947,7,1,1,0,0,0
58753,4,1,1,0,0,0
86172,9,1,1,0,0,0
56722,20,0,1,1,0,0
27910,4,1,0,1,1,0
77942,16,0,0,0,0,0
10603,4,1,1,0,0,0
84861,21,0,0,1,1,0
37076,14,0,1,1,1,0
11690,12,0,1,1,1,0
10986,0,0,0,1,1,0
12966,10,0,0,1,0,0
66724,22,1,0,0,1,0
68999,0,0,0,0,0,0
32892,10,0,1,1,1,0
9864,17,0,1,1,1,0
86256,17,0,0,0,1,0
42827,20,1,1,1,1,0
78571,15,1,0,1,1,1
8168,12,0,0,0,0,0
7395,6,0,0,0,0,0
41260,0,0,1,0,0,0
11490,15,0,1,0,1,0
20231,0,1,0,1,0,0
94854,16,1,0,0,1,0
76069,5,0,0,1,1,0
15138,1,0,0,1,0,0
52427,16,0,1,1,0,0
93818,5,0,1,1,1,0
77164,13,0,0,0,1,0
21381,17,1,0,1,0,0
54289,5,1,1,1,1,1
48611,9,0,0,1,0,0
8705,23,1,1,0,0,0
1481,17,1,1,0,1,0
66734,8,1,0,0,1,0
19910,7,0,1,0,1,0
24422,9,1,1,0,1,0
41969,16,1,1,1,0,0
33055,22,0,1,0,1,0
61488,5,1,0,1,0,1
10307,13,0,1,0,0,0
87429,21,1,1,1,1,1
67728,21,0,1,0,0,0
28320,5,0,0,1,1,0
84150,6,1,0,0,1,0
74185,11,1,0,1,0,1
22131,2,0,1,1,0,0
70821,13,0,0,1,0,0
80907,21,1,0,1,1,1
71412,18,1,0,1,1,1
59866,22,1,1,1,0,1
12549,15,1,0,0,1,0
89933,6,0,0,0,1,0
56799,7,0,0,1,0,0
81353,17,0,1,1,1,0
46192,12,1,1,1,0,0
63771,20,1,0,1,0,1
10450,8,0,0,1,0,0
96258,9,0,0,1,1,0
68587,20,0,1,1,0,0
17722,22,0,1,0,0,0
70363,8,0,0,1,0,0
53217,14,0,1,1,0,0
58494,19,1,0,0,1,0
23882,1,0,1,0,0,0
28554,12,0,0,1,1,0
68004,1,0,1,0,0,0
15692,18,0,0,0,1,0
22273,1,0,1,0,1,0
33304,2,0,0,1,1,0
35696,5,0,0,1,1,0
34424,2,1,0,0,0,0
61302,9,0,0,1,0,0
89500,23,1,1,1,1,1
30850,5,1,0,1,1,0
76212,22,1,1,0,1,0
16666,15,0,1,0,0,0
7290,16,0,0,0,1,0
88707,18,0,0,0,1,0
38433,2,0,0,1,0,0
81005,17,0,0,1,0,0
89671,6,0,1,1,0,0
1689,8,0,1,0,0,0
25335,19,0,1,0,0,0
259,11,0,1,1,0,0
12245,4,0,0,0,1,0
81009,2,1,1,0,1,0
32021,10,0,0,1,0,0
16337,3,0,0,0,1,0
8344,4,0,1,0,0,0
14843,0,1,1,1,1,0
97202,17,0,1,0,0,0
46201,11,0,1,1,0,0
84327,12,1,1,1,1,1
99632,8,0,1,0,1,0
56478,1,1,0,1,0,1
71226,4,1,0,0,0,0
56171,12,1,0,0,0,0
71221,15,1,1,0,0,0
74863,15,0,0,0,0,0
93914,23,1,0,0,0,0
12337,2,1,0,0,1,0
15749,21,0,0,0,1,0
37813,3,0,0,0,1,0
73563,10,0,0,0,1,0
45509,22,1,1,1,1,0
48866,13,0,1,1,0,0
46254,2,1,1,0,0,0
7116,15,1,0,0,1,0
79663,21,0,1,0,0,0
48788,14,0,1,1,1,0
89778,9,0,0,1,1,0
54338,8,0,1,0,0,0
58708,10,0,0,0,0,0
89181,15,0,1,0,1,0
31997,9,1,0,1,1,0
51061,16,1,0,0,1,0
68803,18,0,1,1,1,0
44857,1,1,0,1,0,0
27017,23,1,1,0,1,0
22836,22,1,0,1,0,0
28090,1,1,1,0,1,0
62651,5,1,1,1,1,1
58261,18,1,0,1,0,1
79723,7,0,1,0,0,0
22540,2,0,1,0,0,0
35305,13,0,1,1,0,0
80911,15,1,0,1,0,1
55203,0,0,0,1,1,0
70912,20,0,1,0,1,0
41727,2,0,1,0,1,0
19108,21,1,0,0,0,0
71374,17,0,0,0,0,0
32502,8,1,1,1,0,0
53484,5,0,0,1,1,0
5893,22,0,0,1,0,0
5671,20,0,1,1,1,0
96967,0,1,0,1,1,1
16309,20,1,0,0,1,0
91030,9,1,0,0,0,0
43248,5,1,1,1,1,0
91318,22,1,0,1,1,1
2324,11,0,1,1,1,0
48795,3,0,0,1,0,0
32541,12,1,0,1,1,0
39229,16,1,1,1,0,0
62468,7,0,1,1,0,0
92222,19,1,1,1,1,1
44860,2,0,1,0,1,0
23578,11,1,0,1,0,0
71954,6,0,1,1,1,0
94330,11,1,1,0,0,0
85816,1,1,1,0,0,0
12280,23,0,0,1,0,0
98638,13,0,0,0,1,0
15472,21,1,1,0,0,0
29896,22,1,1,1,0,0
58372,4,0,1,0,1,0
90063,8,1,1,1,1,1
98926,20,0,0,1,0,0
93735,10,0,1,1,0,0
54140,4,1,0,0,0,0
75457,2,0,1,0,1,0
71468,16,0,1,1,0,0
78456,1,1,0,1,0,1
16311,23,0,1,0,1,0
5942,0,0,1,1,1,0
63215,6,0,1,0,0,0
66952,13,0,1,0,1,0
46068,4,1,0,0,0,0
17608,18,0,1,0,0,0
22105,10,1,1,0,1,0
54675,22,0,0,0,0,0
80842,1,1,1,1,0,1
19071,7,0,0,1,1,0
25699,8,1,1,0,0,0
87692,2,0,1,0,1,0
67014,1,0,1,1,0,0
67155,6,0,0,1,1,0
87797,4,0,0,1,1,0
5455,20,1,1,1,1,0
54220,4,1,0,1,1,1
74719,19,0,1,1,1,0
38442,12,1,0,1,1,0
86092,20,0,1,1,0,0
78960,19,0,0,0,0,0
2357,5,1,1,1,1,0
27464,19,1,0,0,0,0
25072,17,1,0,1,1,0
26754,1,0,0,1,1,0
80869,5,0,0,1,0,0
81523,8,1,1,1,1,1
29420,2,0,1,1,0,0
20908,0,1,0,0,1,0
52489,0,1,1,1,1,1
95790,18,1,0,0,0,0
34873,4,1,1,0,1,0
51268,12,1,0,1,1,1
27847,18,1,1,0,1,0
76496,11,0,1,1,0,0
83792,15,0,0,1,0,0
57605,18,1,0,1,0,1
85996,2,1,0,0,0,0
18235,11,1,0,1,0,0
90987,4,0,0,0,1,0
96135,1,1,1,1,0,1
47477,21,1,0,1,0,0
23654,6,1,1,0,1,0
62591,12,0,0,0,1,0
55721,14,1,1,0,0,0
58383,21,0,1,0,1,0
85240,2,0,0,0,1,0
17023,20,1,0,0,1,0
47691,19,0,1,1,0,0
62361,4,0,1,0,1,0
54436,23,0,0,1,1,0
74183,7,1,1,1,0,1
61048,21,0,1,1,1,0
33102,0,1,1,1,1,0
80198,7,1,1,1,0,1
73116,23,1,1,0,0,0
26772,17,0,1,1,0,0
4313,19,1,0,1,1,0
10393,15,0,0,1,0,0
55960,17,0,0,0,0,0
62607,19,0,0,0,1,0
57234,11,0,1,0,1,0
2200,12,1,0,0,1,0
62097,12,1,1,1,1,1
28272,9,0,1,0,1,0
20232,6,1,0,1,0,0
18299,13,1,0,0,0,0
36709,23,1,1,0,0,0
43065,15,0,0,0,1,0
8116,14,1,0,0,0,0
39879,11,0,1,1,1,0
31981,8,1,1,0,1,0
82694,7,0,1,1,0,0
24572,17,0,1,1,0,0
51913,22,0,1,1,1,0
36121,17,1,1,1,1,0
54231,12,0,0,1,0,0
24187,17,1,0,1,0,0
12928,14,0,0,1,1,0
61710,3,1,1,0,1,0
96764,16,0,1,1,1,0
1501,4,1,0,0,1,0
85279,21,0,0,0,0,0
15293,15,0,0,1,0,0
92489,8,0,1,1,1,0
44964,9,1,0,0,1,0
20407,23,0,0,0,0,0
19711,17,0,0,1,1,0
43891,16,0,1,1,1,0
12050,17,0,0,0,1,0
76340,6,1,0,0,1,0
77503,3,0,1,1,1,0
2845,4,0,1,0,1,0
55343,22,1,1,0,0,0
3966,15,1,1,1,1,0
32345,2,1,1,0,0,0
44824,17,0,0,1,0,0
71454,22,1,0,1,0,1
51474,20,1,1,1,1,1
30216,13,1,1,0,1,0
81129,14,0,1,1,1,0
93674,16,0,1,0,0,0
20547,0,0,0,1,0,0
30531,20,1,0,1,1,0
18008,16,0,1,0,1,0
29436,22,1,1,0,0,0
41092,10,1,1,0,0,0
55450,16,1,1,1,0,1
69661,13,0,0,0,1,0
52055,19,1,1,1,0,1
61340,18,1,1,0,0,0
20193,20,0,0,1,0,0
6255,6,1,1,1,1,0
46707,23,1,0,1,1,0
33587,12,1,1,1,1,0
55768,17,0,1,0,0,0
21063,22,1,0,0,0,0
50224,13,0,1,1,0,0
52970,0,0,0,1,0,0
56647,6,1,0,0,1,0
64210,7,1,0,0,0,0
53654,17,1,1,0,0,0
21036,8,1,1,0,1,0
4526,0,0,0,0,0,0
88939,21,0,1,0,0,0
27706,16,1,1,1,0,0
47932,18,0,1,0,1,0
28251,5,1,0,0,0,0
79403,2,1,0,1,1,1
11408,23,1,1,0,0,0
62622,4,1,0,0,1,0
45771,1,0,1,0,1,0
90406,19,0,1,1,1,0
94208,3,1,1,0,0,0
2304,9,1,0,1,0,0
92869,9,0,0,0,1,0
87365,23,0,1,1,1,0
31231,20,0,0,0,0,0
52528,10,1,1,0,1,0
33970,15,0,0,0,0,0
49167,16,1,0,1,0,0
58685,15,1,0,0,1,0
21707,6,0,1,0,1,0
25068,15,1,1,1,0,0
99034,2,0,1,1,0,0
12008,15,1,0,1,0,0
26523,7,1,1,0,1,0
74807,11,1,1,1,0,1
78357,2,1,1,0,1,0
61315,16,1,1,1,1,1
55935,20,1,0,1,0,1
49529,17,0,0,0,1,0
82252,10,0,1,0,1,0
38558,3,1,0,0,1,0
46269,15,0,0,0,1,0
7759,16,1,0,1,0,0
60714,8,0,0,1,0,0
77340,5,0,0,1,1,0
32893,23,1,1,0,1,0
46573,19,0,0,0,1,0
96862,1,1,1,1,1,1
89488,8,0,1,1,1,0
97718,20,1,1,0,0,0
88430,5,0,0,1,0,0
55851,2,1,0,1,0,1
79015,19,0,0,1,0,0
54354,5,1,0,0,1,0
7106,6,0,1,1,1,0
74318,0,1,1,0,0,0
65444,22,0,1,1,0,0
33940,0,1,0,0,0,0
32530,4,0,1,1,1,0
23191,5,1,1,1,1,0
33083,12,1,1,1,1,0
24089,1,1,0,0,0,0
75551,14,1,1,1,0,1
19090,14,0,1,1,1,0
90370,12,0,0,0,1,0
80460,13,0,1,0,1,0
36181,21,1,0,1,0,0
11133,6,1,1,1,1,0
16341,13,1,0,1,1,0
6039,23,1,0,1,0,0
47662,9,1,0,1,1,0
35163,16,0,1,0,1,0
76821,13,0,1,1,1,0
27145,7,0,0,0,1,0
44869,3,1,0,0,0,0
47218,15,1,0,1,1,0
84803,23,1,0,0,0,0
21725,12,1,0,1,1,0
27176,21,1,0,0,0,0
64905,19,1,0,0,1,0
44705,17,1,0,1,1,0
84665,13,0,0,1,0,0
88609,17,0,0,0,1,0
39221,4,1,0,1,1,0
65201,8,1,0,1,0,1
31533,2,1,1,0,1,0
43409,7,0,0,0,1,0
67568,19,0,1,0,1,0
44354,21,1,1,1,1,0
67393,9,0,1,1,1,0
96358,21,0,0,1,0,0
37953,18,0,1,0,0,0
38505,20,1,0,1,1,0
66752,2,0,1,0,1,0
43627,10,0,0,0,0,0
77327,10,1,0,0,0,0
592,16,1,1,0,0,0
93518,15,0,1,0,0,0
8911,6,1,0,0,0,0
93444,3,0,1,0,0,0
24372,22,0,0,1,1,0
94035,18,1,0,0,1,0
72110,11,1,0,1,1,1
92592,14,0,1,1,1,0
47253,10,1,0,1,1,0
54210,4,1,0,1,0,1
14079,4,0,0,1,0,0
28428,14,0,0,0,0,0
12967,17,0,1,1,0,0
59334,10,0,1,1,0,0
25951,11,0,1,1,0,0
31379,1,0,1,0,1,0
96163,19,1,0,1,1,1
73502,14,1,0,1,0,1
15549,19,0,0,1,1,0
76321,3,1,0,1,0,1
89180,21,1,0,0,1,0
5551,17,0,0,1,0,0
87278,5,1,1,0,0,0
41416,22,1,0,0,1,0
63164,18,0,0,1,0,0
63861,10,1,0,1,1,1
38970,23,1,1,0,1,0
96666,1,0,0,1,0,0
30973,7,1,0,1,0,0
58727,10,1,0,1,0,1
66255,4,1,1,0,1,0
99286,17,0,0,0,1,0
25472,22,0,0,1,0,0
3742,17,1,1,1,0,0
28101,13,1,0,0,0,0
34164,21,0,1,0,0,0
94926,9,0,0,0,0,0
14222,2,1,1,0,0,0
24920,8,0,0,0,0,0
68531,2,1,0,0,1,0
55845,10,1,1,0,1,0
50181,11,0,0,1,0,0
71002,11,0,0,0,0,0
8811,2,1,1,0,1,0
85232,20,1,0,1,0,1
18893,6,0,1,1,1,0
8299,13,1,0,1,1,0
76353,23,0,1,0,0,0
36291,10,0,0,0,1,0
10311,6,0,0,1,1,0
63169,20,0,1,1,0,0
88996,9,0,0,1,0,0
56846,10,1,1,0,1,0
21642,14,0,1,1,0,0
31412,18,0,1,0,1,0
45342,15,0,0,0,1,0
93883,21,0,0,0,1,0
87993,20,0,0,0,1,0
55488,19,0,1,1,1,0
27791,11,0,1,1,1,0
78060,17,1,1,1,0,1
84488,22,1,0,0,0,0
22701,12,1,1,1,0,0
18120,4,1,0,0,0,0
8255,3,0,0,0,1,0
69219,13,1,0,0,1,0
81151,7,0,0,1,1,0
36877,8,1,0,0,1,0
19810,18,1,0,0,1,0
24632,2,0,0,1,0,0
18701,4,0,0,1,0,0
63327,20,1,1,1,0,1
5067,17,1,0,0,1,0
84389,0,1,0,0,1,0
20122,7,1,1,1,0,0
43563,18,0,1,0,1,0
74771,16,1,1,0,1,0
5822,16,1,1,1,0,0
27513,10,1,0,1,1,0
92872,1,1,1,1,0,1
81150,5,1,1,1,0,1
85967,21,0,1,1,0,0
83696,13,0,1,1,0,0
66832,2,0,0,1,1,0
12397,11,0,1,1,1,0
68423,3,0,1,0,1,0
23916,11,1,1,0,0,0
40795,12,0,1,0,1,0
19802,1,0,0,0,0,0
25342,1,1,1,0,1,0
55941,14,0,1,0,1,0
67812,22,0,1,0,0,0
85763,16,0,0,0,1,0
92864,6,0,1,0,0,0
53674,13,1,1,0,0,0
85844,11,1,0,0,1,0
28582,16,0,1,1,1,0
9271,13,1,0,0,1,0
99032,5,0,0,1,1,0
3796,18,1,1,0,0,0
20158,23,1,1,1,0,0
20413,5,1,0,0,1,0
19249,17,1,0,1,1,0
53621,23,1,1,0,1,0
45840,4,1,0,1,0,0
5056,23,1,0,0,1,0
75831,23,1,1,1,0,1
82712,5,1,0,0,1,0
66741,1,1,0,1,1,1
63911,7,1,0,1,0,1
52260,14,0,0,1,0,0
51413,14,1,0,1,1,1
63332,10,0,0,1,0,0
15517,21,1,1,1,0,0
24829,21,0,0,1,1,0
30199,23,0,1,1,0,0
98234,0,0,1,0,0,0
30061,17,1,1,0,1,0
12702,11,1,1,0,1,0
9356,11,1,1,1,0,0
86220,10,1,1,1,1,1
34781,7,0,1,0,0,0
91428,6,1,1,0,0,0
87540,22,1,0,1,0,1
64889,20,1,1,1,1,1
43461,1,1,1,0,0,0
64603,10,1,1,1,0,1
34640,21,1,0,0,0,0
26636,9,1,1,1,1,0
84800,2,1,0,0,1,0
63143,19,0,1,0,1,0
78632,9,0,1,1,0,0
56675,17,1,0,0,0,0
2971,13,1,1,1,1,0
46102,17,1,0,1,0,0
49912,23,1,0,1,0,0
22726,7,0,1,1,0,0
60079,9,0,1,1,0,0
76157,21,1,0,0,1,0
66768,12,0,0,1,1,0
99103,20,0,1,1,1,0
80170,7,1,1,0,0,0
89490,3,1,1,1,0,1
43098,3,1,0,0,1,0
63914,4,0,1,1,1,0
45707,0,0,0,0,1,0
7912,16,1,1,1,0,0
61944,1,1,0,1,1,1
70193,7,0,0,1,0,0
2279,6,0,1,1,1,0
43898,14,1,0,1,0,0
74701,4,0,0,0,0,0
8375,1,1,0,0,1,0
50674,6,1,0,1,0,1
47957,7,0,0,0,0,0
20800,6,0,1,1,1,0
39564,6,0,1,1,1,0
42451,13,1,0,1,1,0
93430,20,1,1,0,0,0
94419,17,1,0,1,0,1
82634,5,1,0,0,1,0
13969,3,1,1,1,1,0
60415,9,1,0,1,0,1
93788,17,0,0,0,1,0
21054,11,1,0,1,1,0
31655,15,1,1,0,0,0
63453,6,1,1,1,0,1
82290,5,1,0,1,1,1
45126,4,0,0,1,0,0
47076,2,1,0,0,0,0
80678,11,0,0,1,1,0
91602,14,0,0,0,1,0
45195,9,1,1,1,1,0
14370,19,1,1,1,0,0
31008,18,0,1,0,1,0
15623,15,0,1,1,0,0
62533,10,1,0,1,1,1
47168,7,0,0,0,0,0
20091,2,1,1,0,0,0
10875,22,1,1,0,1,0
77901,6,0,0,1,0,0
85095,22,1,1,0,1,0
61350,6,1,0,0,1,0
16773,13,1,0,1,0,0
27156,1,0,0,0,0,0
6714,9,0,1,0,0,0
7515,18,0,1,1,1,0
88791,8,1,1,0,1,0
43984,15,0,1,1,1,0
17064,18,0,1,0,1,0
37826,17,0,0,0,1,0
37144,8,1,1,1,1,0
57249,15,1,0,0,0,0
37644,12,0,0,1,1,0
50076,9,0,0,0,1,0
32352,19,0,1,0,1,0
3932,13,1,1,1,1,0
90911,11,0,1,1,0,0
80537,18,1,1,0,0,0
34248,6,1,1,0,0,0
61340,22,1,1,0,1,0
88554,14,0,1,1,1,0
85176,15,0,1,1,1,0
77216,7,1,0,0,0,0
53559,9,1,1,0,1,0
38502,3,1,0,0,1,0
57827,18,1,0,1,0,1
38678,18,0,0,0,0,0
90553,20,0,0,1,1,0
22418,14,1,1,1,0,0
75815,13,1,1,0,1,0
77887,0,1,0,1,1,1
85129,15,0,0,1,0,0
20566,9,1,0,0,1,0
95842,18,0,1,0,0,0
45575,21,1,0,0,0,0
60242,2,0,0,0,1,0
85260,4,0,1,0,0,0
26664,8,1,0,0,1,0
22512,17,0,1,0,1,0
93626,10,0,1,1,0,0
51101,15,0,0,0,0,0
57749,1,0,0,0,0,0
61057,11,1,0,0,1,0
35617,21,1,1,0,1,0
13256,5,1,1,0,1,0
23164,10,1,1,0,1,0
25811,7,1,0,1,1,0
30206,11,0,0,0,1,0
65558,1,0,0,1,1,0
16689,8,0,0,0,0,0
89372,14,0,0,1,1,0
86611,1,1,0,1,1,1
7314,0,1,1,1,0,0
96217,9,0,1,0,1,0
85831,1,1,1,0,1,0
27227,11,0,0,0,0,0
5241,22,0,1,0,1,0
28984,7,1,1,0,0,0
90521,4,1,1,0,1,0
2808,21,1,0,1,1,0
18475,0,1,0,1,0,0
15188,14,1,1,1,0,0
57715,5,1,0,0,1,0
45146,11,1,0,0,1,0
10114,7,0,0,1,0,0
64525,12,1,0,0,1,0
3373,18,0,1,0,0,0
47235,0,0,0,0,0,0
30981,10,1,1,1,0,0
97122,19,0,1,1,1,0
78177,0,1,0,0,1,0
8812,7,0,0,1,1,0
74804,4,0,0,1,0,0
52974,16,0,1,0,1,0
69187,7,1,1,0,0,0
12397,9,0,1,1,0,0
27228,1,0,1,1,1,0
68468,8,0,1,0,1,0
94119,23,1,1,0,0,0
87699,22,0,1,0,1,0
88599,2,1,0,1,0,1
79058,17,0,1,1,1,0
33020,6,0,1,0,0,0
11256,14,0,1,0,1,0
11208,20,1,1,0,0,0
31945,21,0,0,0,1,0
2900,19,0,1,1,0,0
42812,17,0,1,0,0,0
2710,2,0,0,0,0,0
77703,22,1,0,1,0,1
33972,13,0,1,0,0,0
10828,23,0,1,1,0,0
95202,1,0,1,1,1,0
95419,13,0,1,1,0,0
20683,21,1,1,0,0,0
85874,10,0,1,1,1,0
7363,15,0,0,0,1,0
67550,7,1,0,1,0,1
89385,6,0,1,1,1,0
19556,10,0,1,1,1,0
91218,2,0,1,0,0,0
66042,16,1,0,0,0,0
13789,13,0,1,1,1,0
33034,5,1,0,0,1,0
33376,7,1,0,1,1,0
19973,21,1,1,1,1,0
13150,4,1,0,1,1,0
66316,7,1,1,1,1,1
84544,1,1,0,0,0,0
84140,14,1,1,1,1,1
21744,11,0,1,0,0,0
62121,16,0,0,1,0,0
37225,0,1,0,1,1,0
66999,14,1,0,1,0,1
42391,13,1,1,1,1,0
35160,19,1,0,1,0,0
1638,21,1,0,0,1,0
36276,15,1,1,0,0,0
41620,8,0,1,1,1,0
25775,0,0,0,0,0,0
18387,16,1,0,0,1,0
274,12,1,0,1,0,0
92368,20,1,1,1,0,1
35098,20,0,1,1,0,0
53412,4,1,0,1,1,1
12212,9,0,1,0,1,0
75325,5,0,0,0,1,0
44914,23,0,0,0,1,0
85191,18,1,1,0,1,0
50819,12,1,0,1,0,1
34019,0,0,0,1,1,0
73255,19,0,1,1,1,0
71669,14,0,0,1,0,0
41428,13,0,0,0,1,0
70582,7,1,1,0,1,0
24718,9,0,0,1,1,0
34775,8,1,0,0,1,0
19019,16,0,1,0,1,0
4273,8,1,1,1,1,0
26500,2,0,1,0,0,0
50545,10,1,0,1,1,1
70405,11,1,1,0,1,0
37664,9,1,0,0,1,0
45914,16,0,1,1,0,0
79847,16,1,0,1,0,1
88891,10,0,0,1,0,0
28062,21,1,1,0,0,0
84992,3,1,0,1,1,1
85942,6,0,0,0,0,0
70633,20,1,1,1,1,1
56284,13,1,0,0,1,0
83012,6,0,0,1,1,0
10678,23,1,0,1,0,0
18724,7,1,1,0,1,0
39294,0,1,1,0,0,0
489,23,1,1,1,1,0
99403,21,0,1,0,0,0
67491,3,1,1,1,0,1
13894,11,1,1,0,1,0
58102,23,1,1,0,1,0
35631,2,1,1,1,1,0
52915,12,1,0,1,0,1
5086,19,1,0,0,0,0
32398,5,1,0,0,0,0
1581,10,1,0,0,1,0
56508,22,0,1,0,0,0
69367,3,0,0,1,1,0
16935,19,0,0,1,0,0
27898,15,0,0,0,0,0
91749,6,1,0,1,0,1
64987,21,1,0,0,1,0
19577,10,0,1,0,1,0
17366,23,0,1,0,1,0
86428,0,0,0,1,0,0
86088,6,1,0,0,0,0
43626,11,1,0,1,0,0
11989,6,0,0,1,0,0
24435,22,0,1,0,1,0
11354,6,0,0,1,0,0
86710,9,0,1,0,0,0
11542,15,0,0,0,1,0
46389,7,1,1,1,1,0
53847,8,0,1,0,1,0
37427,8,1,1,1,0,0
16299,1,0,0,1,1,0
72927,12,0,0,1,0,0
212,12,1,1,0,1,0
87151,22,0,0,1,0,0
19681,22,1,0,0,0,0
59822,3,1,1,0,0,0
92136,23,0,0,1,0,0
97662,11,0,1,1,0,0
16623,16,1,0,0,0,0
67060,1,1,0,1,1,1
19652,12,0,1,1,0,0
10908,17,1,1,1,0,0
72625,14,0,1,0,0,0
23720,7,1,1,1,0,0
987,14,0,0,0,1,0
31902,0,1,0,0,0,0
85124,19,1,0,1,0,1
95649,9,0,1,1,1,0
82038,11,1,0,0,0,0
86841,4,1,0,0,1,0
26149,8,1,0,1,0,0
77889,22,1,1,0,0,0
84626,7,1,1,1,1,1
7946,15,1,0,0,1,0
90663,13,1,0,1,1,1
46320,12,0,1,0,0,0
46263,22,1,1,1,1,0
3865,20,1,1,1,1,0
81586,12,0,1,0,0,0
45370,4,1,0,1,0,0
75377,15,1,1,0,0,0
88378,10,0,0,0,1,0
90339,21,1,1,0,0,0
23031,4,1,0,0,1,0
89216,12,0,0,1,1,0
55733,10,0,1,0,1,0
80802,18,1,0,0,1,0
52013,2,1,0,0,0,0
94876,14,0,0,1,0,0
26091,6,1,1,0,1,0
54945,6,0,1,1,1,0
98605,5,0,1,1,0,0
55412,2,0,0,0,0,0
10661,12,1,0,1,1,0
17001,6,0,0,0,1,0
95656,4,0,0,1,1,0
62975,22,0,1,1,1,0
26017,17,1,0,0,1,0
62220,21,1,0,1,0,1
2088,7,1,0,0,1,0
14356,16,0,1,1,0,0
87828,19,1,0,0,1,0
28330,0,1,1,0,0,0
59878,13,0,1,0,1,0
45933,16,0,0,0,0,0
22725,9,1,0,1,0,0
32188,11,1,0,0,1,0
79750,15,0,0,0,1,0
41267,13,1,1,0,0,0
71391,15,0,1,0,0,0
65403,7,0,1,1,0,0
76461,22,1,1,0,1,0
88329,9,1,1,1,0,1
4217,16,1,1,0,1,0
90365,17,1,1,0,1,0
97818,19,0,1,0,1,0
60810,15,1,1,0,1,0
94526,16,1,1,0,1,0
94976,15,1,0,0,1,0
67154,18,0,0,1,0,0
31049,23,1,0,1,0,0
22647,23,1,1,0,1,0
81982,7,0,0,0,0,0
68236,5,0,1,0,0,0
64719,5,0,1,1,1,0
61942,20,0,0,0,0,0
94903,8,0,1,1,1,0
27090,3,1,0,1,1,0
16293,11,0,1,1,1,0
30209,11,0,1,1,1,0
19333,22,0,0,1,0,0
81830,16,0,0,0,0,0
34610,14,0,0,1,1,0
1406,8,0,0,1,0,0
3949,6,0,0,0,1,0
12460,9,0,0,0,1,0
94867,15,1,1,1,0,1
45900,11,1,1,0,0,0
37063,6,1,1,0,1,0
54430,17,0,1,0,0,0
51807,14,0,0,1,1,0
18789,5,0,1,1,1,0
29184,11,1,1,0,0,0
40487,10,0,0,0,1,0
74916,19,0,1,1,0,0
2742,2,0,0,1,1,0
42237,1,1,0,0,1,0
79932,5,1,0,1,1,1
55661,23,0,1,1,1,0
62360,21,1,0,0,1,0
15538,4,0,1,0,0,0
48542,17,0,1,1,1,0
3094,15,1,1,1,0,0
99675,7,1,0,1,0,1
1913,19,1,0,0,0,0
93127,21,1,0,0,1,0
84481,10,0,1,0,0,0
55376,9,0,1,0,0,0
41343,23,1,0,1,0,0
63012,11,1,1,0,1,0
60372,20,0,0,0,1,0
42151,5,0,0,1,1,0
78954,19,0,1,0,1,0
82836,4,0,1,1,0,0
65718,22,1,0,0,1,0
2020,8,1,1,1,0,0
77319,15,1,0,1,1,1
76972,21,0,0,1,0,0
81232,13,0,1,0,1,0
2193,21,1,0,1,1,0
13005,7,1,1,0,1,0
24451,19,1,0,0,1,0
31081,18,0,1,0,0,0
74003,13,1,1,0,1,0
70921,6,0,0,0,1,0
82389,4,1,1,0,1,0
84121,17,1,1,1,0,1
78613,1,1,0,1,1,1
19974,10,0,1,0,1,0
51031,21,0,0,0,0,0
7774,7,0,1,0,0,0
50616,0,0,0,0,0,0
94674,21,0,0,0,1,0
60786,11,0,0,1,0,0
94951,1,1,0,1,1,1
69312,17,0,1,0,0,0
2526,6,1,0,0,1,0
90109,16,0,1,1,0,0
68598,21,1,0,0,0,0
30043,22,1,1,0,0,0
66495,13,0,0,0,1,0
44916,23,1,1,1,0,0
4238,6,0,1,1,1,0
91276,21,0,0,0,0,0
76045,2,0,0,1,0,0
4117,5,0,0,1,0,0
10551,19,1,1,0,1,0
63056,1,0,1,1,1,0
93963,16,1,1,1,1,1
10378,11,1,1,1,0,0
90580,11,1,0,1,1,1
43864,16,0,0,1,1,0
1234,9,1,0,1,0,0
63043,2,0,0,0,0,0
95767,19,1,1,0,1,0
54418,17,0,1,0,1,0
60228,12,0,0,1,0,0
88156,11,0,1,0,1,0
21969,16,0,0,1,0,0
5139,3,1,1,1,0,0
21381,22,1,1,0,1,0
10542,9,0,1,1,1,0
73888,10,1,1,0,0,0
27686,5,0,1,1,1,0
53153,5,0,1,0,0,0
50589,8,1,0,0,1,0
83204,14,0,1,0,0,0
86446,1,0,0,0,1,0
67187,3,0,0,1,1,0
12725,4,0,0,0,0,0
34497,16,0,0,1,1,0
58771,7,1,0,0,0,0
91885,7,1,0,0,1,0
66997,21,1,1,0,1,0
26249,11,0,1,1,1,0
60130,20,0,1,0,1,0
70006,7,0,0,0,0,0
5383,18,0,0,1,0,0
7710,2,0,0,0,1,0
43426,17,0,1,1,0,0
15024,20,1,1,0,0,0
76262,18,0,1,0,1,0
969,18,1,0,0,0,0
97188,14,0,0,1,0,0
1114,5,1,0,0,1,0
10203,15,0,1,0,1,0
82622,7,1,0,0,1,0
96107,15,1,0,1,1,1
33558,17,0,0,1,0,0
90705,19,0,0,1,1,0
82509,15,1,1,1,0,1
23348,10,0,1,1,0,0
89260,6,0,0,1,1,0
43616,16,0,0,0,0,0
29161,16,1,1,0,0,0
24270,11,0,1,0,0,0
8124,12,1,0,0,1,0
82314,9,1,1,0,0,0
86047,6,0,1,1,1,0
43903,13,1,0,1,1,0
19396,22,0,1,1,0,0
91929,0,0,1,0,0,0
92808,16,1,1,1,1,1
86764,3,1,1,0,1,0
18357,20,1,0,1,1,0
12955,4,1,1,0,1,0
85278,19,1,1,1,1,1
20125,23,0,0,0,0,0
4558,22,1,1,1,1,0
63710,6,0,0,0,0,0
70943,9,0,0,1,1,0
84061,16,1,1,0,0,0
49931,6,1,1,0,1,0
43527,0,1,1,0,0,0
93909,6,1,1,0,0,0
38606,23,1,1,1,1,0
5768,10,0,0,1,0,0
91570,8,0,1,1,1,0
47295,11,0,0,0,1,0
73333,2,1,1,1,0,1
24517,3,1,0,0,0,0
82082,3,0,1,1,1,0
10851,12,1,1,0,1,0
46318,22,1,1,1,1,0
7452,18,1,1,0,0,0
79152,9,0,1,0,0,0
88935,4,1,0,1,1,1
97593,6,0,1,1,0,0
29027,23,1,1,1,0,0
41194,15,1,1,0,0,0
54222,0,0,0,0,1,0
29593,11,1,1,0,1,0
92347,1,1,0,1,0,1
73639,6,1,1,0,0,0
31807,10,0,0,1,1,0
68914,12,1,1,0,0,0
7396,1,1,1,1,1,0
25498,6,1,0,0,1,0
35942,14,1,1,0,1,0
13361,10,1,0,1,1,0
76809,1,0,1,0,1,0
96085,6,0,1,0,1,0
56804,3,1,0,1,1,1
67273,10,1,1,0,0,0
31881,1,0,0,1,1,0
13752,15,1,0,1,0,0
5203,6,1,1,0,0,0
25600,12,1,1,0,0,0
35629,4,1,1,0,1,0
18552,16,1,0,1,0,0
49493,20,1,0,0,1,0
31274,11,1,1,1,1,0
64550,18,1,0,0,0,0
35536,6,0,0,0,0,0
47506,5,0,0,1,0,0
63159,7,1,0,0,0,0
16054,12,1,1,0,1,0
82822,4,1,1,0,0,0
12456,1,1,1,0,0,0
98599,8,0,0,0,0,0
2287,10,0,0,1,0,0
77343,23,0,0,0,0,0
35198,5,0,0,1,1,0
92571,6,1,1,0,1,0
21325,6,1,0,0,1,0
3706,18,1,0,1,0,0
57720,5,0,1,0,0,0
32928,10,1,1,0,1,0
26589,10,1,1,1,1,0
14487,6,0,0,1,1,0
69563,1,0,0,0,1,0
71932,18,0,0,1,0,0
96080,3,0,0,1,0,0
2691,5,0,0,1,0,0
48616,16,1,0,1,1,0
91783,4,1,1,0,1,0
62161,6,0,0,0,1,0
66836,8,1,1,1,0,1
81357,0,1,1,0,0,0
61853,0,1,1,1,1,1
84874,18,1,0,0,0,0
11187,5,0,0,0,1,0
30916,17,1,1,1,1,0
23508,9,1,0,1,1,0
236,10,1,0,0,0,0
17513,0,0,1,0,1,0
59600,0,1,0,0,1,0
84614,12,0,0,1,0,0
56458,4,0,0,0,1,0
66297,19,0,0,1,1,0
92889,0,0,1,1,0,0
92520,19,1,1,1,1,1
32954,2,0,0,0,1,0
76340,17,0,0,1,1,0
90163,8,0,0,0,0,0
16422,13,0,1,1,1,0
7068,16,0,0,0,1,0
27618,22,1,0,0,1,0
52025,13,0,1,1,0,0
59948,3,1,0,1,0,1
93522,4,1,1,0,0,0
1800,20,0,0,0,1,0
93882,16,1,1,1,0,1
23299,21,1,0,1,1,0
44689,1,1,0,0,0,0
32215,22,0,1,0,0,0
62034,21,0,1,1,0,0
54416,4,0,1,0,0,0
5620,3,0,1,1,1,0
36555,3,0,1,1,0,0
86565,5,0,0,1,1,0
41705,19,0,1,1,1,0
15055,20,1,1,0,1,0
44149,12,1,1,1,0,0
14017,21,0,1,1,0,0
70393,4,1,0,0,1,0
78681,22,0,0,0,0,0
65025,22,0,0,1,1,0
70369,6,0,0,1,0,0
31054,19,1,0,1,0,0
96771,0,0,1,1,1,0
72717,13,0,0,1,0,0
41558,23,0,0,1,1,0
89137,3,0,1,0,1,0
21213,16,1,1,0,0,0
90326,20,0,0,1,0,0
44039,13,1,0,0,0,0
29445,15,1,1,0,1,0
46413,13,0,0,1,0,0
92465,15,0,1,0,0,0
69266,23,1,1,0,0,0
47961,19,1,0,1,0,0
97506,7,1,0,1,1,1
49398,23,1,0,1,0,0
47321,2,0,1,0,1,0
45042,18,1,1,1,0,0
3553,0,1,0,0,0,0
55035,1,1,0,1,0,1
43470,14,1,0,1,1,0
8428,21,0,1,1,1,0
15634,9,0,1,1,0,0
85380,17,0,1,0,1,0
85025,21,1,0,0,1,0
36420,13,1,1,1,0,0
49270,16,0,1,0,0,0
80301,12,0,0,1,0,0
8740,0,1,1,1,0,0
91157,4,0,0,0,0,0
30149,12,1,1,0,0,0
5718,13,1,0,1,1,0
56153,23,1,0,1,0,1
2020,2,1,1,1,0,0
44037,14,1,0,0,0,0
69824,18,1,1,1,0,1
12307,16,0,0,1,1,0
65874,2,0,0,1,1,0
33072,15,0,0,1,1,0
10899,13,1,1,1,0,0
71188,11,0,0,1,0,0
29016,11,1,0,0,1,0
70563,10,1,1,1,1,1
93600,16,1,0,1,0,1
76800,7,1,0,0,0,0
37258,16,0,0,0,0,0
84707,20,0,0,1,0,0
71796,22,0,1,0,0,0
61610,19,1,0,1,1,1
58792,10,0,0,0,0,0
61844,1,0,1,0,1,0
15910,9,0,0,1,0,0
5226,9,1,0,0,1,0
30109,10,0,1,1,1,0
99220,5,1,1,0,1,0
91032,3,0,1,1,0,0
292,23,1,1,0,0,0
36513,11,0,0,1,0,0
12916,10,0,1,1,1,0
39182,22,0,0,1,1,0
65148,22,1,1,1,0,1
51040,12,0,0,0,1,0
32230,4,0,1,1,1,0
40242,5,1,1,0,1,0
36568,0,1,0,0,1,0
30798,5,1,1,1,0,0
10755,17,1,1,1,1,0
47997,21,0,1,0,0,0
30175,8,0,0,0,1,0
9459,23,1,1,0,1,0
42156,14,0,1,1,0,0
51931,7,1,0,1,1,1
59291,18,0,0,0,0,0
33372,23,1,1,0,0,0
14771,15,0,0,0,0,0
27148,5,1,0,1,0,0
76374,5,1,0,0,0,0
26063,21,0,1,0,0,0
44054,2,0,1,0,0,0
72409,9,0,0,0,1,0
95530,0,1,1,1,0,1
